Delivery_Person_ID,Delivery_person_Ratings,Restaurant_latitude,Restaurant_longitude,Delivery_location_latitude,Delivery_location_longitude,Order_Date,Time_Orderd,Time_Order_picked,Weather_Conditions,Traffic_Conditions,City,Time_taken
101,4.9,22.745049,75.892471,22.765049,75.912471,19-03-2022,11:30:00,11:45:00, Sunny,High ,Urban ,24
102,4.5,12.913041,77.683237,13.043041,77.813237,25-03-2022,19:45:00,19:50:00, Stormy,Jam ,Metropolitian ,33
103,4.4,12.914264,77.6784,12.924264,77.6884,19-03-2022,08:30:00,08:45:00, Sandstorms,Low ,Urban ,26
104,4.7,11.003669,76.976494,11.053669,77.026494,05-04-2022,18:00:00,18:10:00, Sunny,Medium ,Metropolitian ,21
105,4.6,12.972793,80.249982,13.012793,80.289982,26-03-2022,13:30:00,13:45:00, Cloudy,High ,Metropolitian ,30
106,4.8,17.431668,78.408321,17.461668,78.438321,11-03-2022,21:20:00,21:30:00, Cloudy,Jam ,Urban ,26
107,4.7,23.369746,85.33982,23.479746,85.44982,04-03-2022,19:15:00,19:30:00, Fog,Jam ,Metropolitian ,40
108,4.6,12.352058,76.60665,12.482058,76.73665,14-03-2022,17:25:00,17:30:00, Cloudy,Medium ,Metropolitian ,32
109,4.8,17.433809,78.386744,17.563809,78.516744,20-03-2022,20:55:00,21:05:00, Stormy,Jam ,Metropolitian ,34
110,4.2,30.327968,78.046106,30.397968,78.116106,12-02-2022,21:55:00,22:10:00, Fog,Jam ,Metropolitian ,46
111,4.7,10.003064,76.307589,10.043064,76.347589,13-02-2022,14:55:00,15:05:00, Stormy,High ,Metropolitian ,23
112,4.7,18.56245,73.916619,18.65245,74.006619,04-03-2022,17:30:00,17:40:00, Sandstorms,Medium ,Metropolitian ,21
113,4.3,30.899584,75.809346,30.919584,75.829346,13-02-2022,09:20:00,09:30:00, Sandstorms,Low ,Metropolitian ,20
114,4.7,26.463504,80.372929,26.593504,80.502929,14-02-2022,19:50:00,20:05:00, Fog,Jam ,Metropolitian ,41
115,4.5,19.176269,72.836721,19.266269,72.926721,02-04-2022,20:25:00,20:35:00, Sandstorms,Jam ,Metropolitian ,20
116,4,12.311072,76.654878,12.351072,76.694878,01-03-2022,14:55:00,15:10:00, Windy,High ,Metropolitian ,33
117,4.2,18.592718,73.773572,18.702718,73.883572,16-03-2022,20:30:00,20:40:00, Sandstorms,Jam ,Metropolitian ,40
118,4.9,17.426228,78.407495,17.496228,78.477495,20-03-2022,20:40:00,20:50:00, Cloudy,Jam ,Metropolitian ,41
119,4.7,22.552672,88.352885,22.582672,88.382885,15-02-2022,21:15:00,21:30:00, Windy,Jam ,Urban ,15
120,4.1,18.563934,73.915367,18.643935,73.995367,16-03-2022,20:20:00,20:25:00, Sandstorms,Jam ,Metropolitian ,36
121,4.7,23.357804,85.325146,23.487804,85.455146,10-03-2022,22:30:00,22:45:00, Sandstorms,Low ,Metropolitian ,26
122,5,11.003669,76.976494,11.013669,76.986494,11-03-2022,08:15:00,08:30:00, Sandstorms,Low ,Metropolitian ,20
123,4.3,12.986047,80.218114,13.116047,80.348114,27-03-2022,19:30:00,19:45:00, Windy,Jam ,Metropolitian ,39
124,4,19.221315,72.862381,19.261315,72.902381,26-03-2022,12:25:00,12:30:00, Cloudy,High ,Metropolitian ,34
125,4.5,13.005801,80.250744,13.115801,80.360744,27-03-2022,18:35:00,18:50:00, Sunny,Medium ,Metropolitian ,15
126,5,26.849596,75.800512,26.879596,75.830512,05-04-2022,20:35:00,20:40:00, Stormy,Jam ,Urban ,18
127,4.3,21.160522,72.771477,21.250522,72.861477,12-03-2022,23:20:00,23:30:00, Cloudy,Low ,Metropolitian ,38
128,4,12.934179,77.615797,13.024179,77.705797,16-03-2022,21:20:00,21:35:00, Windy,Jam ,Metropolitian ,47
129,4.8,18.51421,73.838429,18.62421,73.948429,02-04-2022,23:35:00,23:45:00, Windy,Low ,Urban ,12
130,4.8,11.022477,76.995667,11.052477,77.025667,01-04-2022,22:35:00,22:50:00, Sandstorms,Low ,Metropolitian ,26
131,4.1,21.160437,72.774209,21.210437,72.824209,05-03-2022,22:35:00,22:40:00, Stormy,Low ,Urban ,22
132,4.3,15.51315,73.78346,15.56315,73.83346,11-02-2022,23:25:00,23:35:00, Sandstorms,Low ,Urban ,21
133,4.9,15.561295,73.749478,15.601295,73.789478,11-02-2022,13:35:00,13:40:00, Cloudy,High ,Urban ,25
134,3.5,0,0,0.11,0.11,08-03-2022,21:35:00,21:45:00, Stormy,Jam ,Urban ,35
135,4.6,18.563934,73.915367,18.693935,74.045367,02-04-2022,22:35:00,22:45:00, Cloudy,Low ,Metropolitian ,30
136,4.9,18.55144,73.804855,18.62144,73.874855,08-03-2022,18:55:00,19:10:00, Sunny,Medium ,Metropolitian ,22
137,4.7,18.593481,73.785901,18.633481,73.825901,03-04-2022,14:15:00,14:25:00, Windy,High ,Urban ,10
138,4.8,21.173343,72.792731,21.183343,72.802731,30-03-2022,11:00:00,11:10:00, Sandstorms,Low ,Metropolitian ,19
139,5,17.451976,78.385883,17.471976,78.405883,01-04-2022,09:45:00,09:55:00, Sunny,Low ,Urban ,11
140,4.9,12.972532,77.608179,12.992532,77.628179,28-03-2022,08:40:00,08:55:00, Stormy,Low ,Metropolitian ,11
141,4.8,12.972532,77.608179,13.042532,77.678179,18-03-2022,23:00:00,23:10:00, Fog,Low ,Metropolitian ,28
142,4.3,13.064181,80.236442,13.134181,80.306442,14-03-2022,17:25:00,17:30:00, Cloudy,Medium ,Metropolitian ,33
143,NaN ,19.121999,72.908493,19.201999,72.988493,06-04-2022,NaN ,18:35:00, Cloudy,Medium ,Metropolitian ,33
144,4.7,21.149569,72.772697,21.239569,72.862697,04-04-2022,19:45:00,19:50:00, Sandstorms,Jam ,Metropolitian ,52
145,4.6,19.091458,72.827808,19.201458,72.937808,08-03-2022,19:10:00,19:25:00, Stormy,Jam ,Metropolitian ,22
146,4.9,22.539129,88.365507,22.559129,88.385507,13-02-2022,10:55:00,11:00:00, Fog,Low ,Urban ,16
147,4.9,19.221315,72.862381,19.281315,72.922381,24-03-2022,21:40:00,21:45:00, Sunny,Jam ,Metropolitian ,11
148,4.9,12.970324,77.645748,13.030324,77.705748,19-03-2022,19:00:00,19:15:00, Windy,Medium ,Metropolitian ,25
149,4.8,13.064181,80.236442,13.104181,80.276442,09-03-2022,16:45:00,16:55:00, Cloudy,Medium ,Urban ,26
150,5,21.175975,72.795503,21.185975,72.805503,19-03-2022,11:30:00,11:40:00, Sunny,High ,Metropolitian ,18
151,4.9,23.369746,85.33982,23.409746,85.37982,03-04-2022,15:10:00,15:15:00, Fog,Medium ,Metropolitian ,16
152,4.8,12.914264,77.6784,13.024264,77.7884,25-03-2022,22:45:00,22:55:00, Stormy,Low ,Metropolitian ,23
153,5,0,0,0.03,0.03,13-02-2022,22:10:00,22:25:00, Cloudy,Low ,Metropolitian ,15
154,4.8,11.003681,76.975525,11.083681,77.055525,04-04-2022,20:45:00,20:55:00, Sandstorms,Jam ,Metropolitian ,36
155,4.7,21.173343,72.792731,21.233343,72.852731,26-03-2022,22:50:00,23:05:00, Cloudy,Low ,Metropolitian ,16
156,4.7,10.96185,76.971082,11.05185,77.061082,10-03-2022,17:55:00,18:00:00, Sunny,Medium ,Urban ,19
157,4.6,27.165108,78.015053,27.255108,78.105053,14-02-2022,22:45:00,23:00:00, Sunny,Low ,Metropolitian ,27
158,4.2,0,0,0.08,0.08,02-03-2022,20:35:00,20:50:00, Fog,Jam ,Semi-Urban ,49
159,4.5,26.88842,75.800689,26.89842,75.810689,26-03-2022,09:25:00,09:40:00, Windy,Low ,NaN ,20
160,4.7,0,0,0.06,0.06,13-03-2022,20:15:00,20:20:00, Cloudy,Jam ,Metropolitian ,30
161,4.8,26.913987,75.752891,26.993987,75.832891,29-03-2022,22:25:00,22:35:00, Sandstorms,Low ,Urban ,18
162,4.9,12.3085,76.665808,12.3385,76.695808,30-03-2022,21:55:00,22:00:00, Sunny,Jam ,Metropolitian ,22
163,4.4,21.183434,72.814492,21.253434,72.884492,12-03-2022,22:40:00,22:55:00, Cloudy,Low ,Metropolitian ,34
164,5,19.254567,72.848923,19.364567,72.958923,31-03-2022,23:50:00,23:55:00, Sandstorms,Low ,Urban ,24
165,4.9,18.55144,73.804855,18.59144,73.844855,17-03-2022,15:25:00,15:40:00, Fog,Medium ,Metropolitian ,17
166,4.8,25.449659,81.839744,25.469659,81.859744,15-02-2022,10:20:00,10:30:00, Sandstorms,Low ,Metropolitian ,14
167,4.9,30.372202,78.077151,30.422202,78.127151,15-02-2022,20:55:00,21:00:00, Stormy,Jam ,Metropolitian ,30
168,4.8,0,0,0.02,0.02,07-03-2022,10:40:00,10:50:00, Stormy,Low ,Metropolitian ,15
169,4.8,0,0,0.04,0.04,28-03-2022,15:55:00,16:05:00, Fog,Medium ,Urban ,16
170,4.6,12.972793,80.249982,13.062793,80.339982,16-03-2022,20:10:00,20:15:00, Cloudy,Jam ,Metropolitian ,36
171,4.7,21.157735,72.768778,21.197735,72.808778,17-03-2022,12:10:00,12:15:00, Sunny,High ,Urban ,18
172,4.6,21.186438,72.794115,21.226438,72.834115,15-03-2022,15:30:00,15:45:00, Fog,Medium ,Metropolitian ,17
173,4.8,0,0,0.08,0.08,25-03-2022,22:10:00,22:15:00, Sandstorms,Low ,Urban ,15
174,4.7,0,0,0.02,0.02,09-03-2022,10:35:00,10:45:00, Fog,Low ,Metropolitian ,17
175,NaN ,12.935662,77.61413,12.975662,77.65413,11-03-2022,NaN ,15:30:00, NaN,NaN ,Metropolitian ,19
176,4.7,17.431477,78.40035,17.491477,78.46035,05-03-2022,23:50:00,00:05:00, Fog,Low ,Metropolitian ,10
177,4.5,0,0,0.05,0.05,11-02-2022,21:10:00,21:25:00, Fog,Jam ,Metropolitian ,27
178,4.1,13.064181,80.236442,13.154181,80.326442,12-03-2022,20:25:00,20:40:00, Sandstorms,Jam ,Metropolitian ,37
179,4.6,12.933298,77.614293,13.023298,77.704293,29-03-2022,20:50:00,21:00:00, Fog,Jam ,Metropolitian ,44
180,4.7,22.311358,73.164798,22.351358,73.204798,19-03-2022,12:35:00,12:45:00, Windy,High ,Metropolitian ,28
181,4.7,12.934365,77.616155,13.044365,77.726155,10-03-2022,21:00:00,21:15:00, Cloudy,Jam ,Metropolitian ,42
182,4.8,0,0,0.11,0.11,16-02-2022,23:40:00,23:55:00, Windy,Low ,Metropolitian ,25
183,4.4,13.086438,80.220672,13.196438,80.330672,27-03-2022,18:15:00,18:20:00, Cloudy,Medium ,Metropolitian ,39
184,4.7,19.254567,72.848923,19.364567,72.958923,27-03-2022,18:20:00,18:25:00, Stormy,Medium ,Urban ,20
185,5,26.913483,75.803139,26.933483,75.823139,24-03-2022,11:45:00,11:50:00, Stormy,High ,Metropolitian ,31
186,4.6,17.411028,78.329645,17.471028,78.389645,09-03-2022,20:45:00,20:55:00, Stormy,Jam ,Metropolitian ,13
187,4.8,18.516216,73.842527,18.566216,73.892527,03-03-2022,21:55:00,22:10:00, Stormy,Jam ,Metropolitian ,28
188,4.8,15.5696,73.742294,15.6096,73.782294,15-02-2022,12:45:00,12:50:00, Windy,High ,Urban ,19
189,4.6,19.876428,75.364792,19.956428,75.444792,18-02-2022,23:30:00,23:45:00, Fog,Low ,Urban ,42
190,5,12.939496,77.625999,12.949496,77.635999,01-03-2022,10:50:00,10:55:00, Fog,Low ,Metropolitian ,23
191,4.2,17.433809,78.386744,17.543809,78.496744,23-03-2022,21:25:00,21:40:00, Stormy,Jam ,Metropolitian ,39
192,4.6,23.374878,85.335739,23.384878,85.345739,01-04-2022,10:10:00,10:20:00, Stormy,Low ,Metropolitian ,25
193,4.7,-27.163303,78.057044,27.233303,78.127044,16-02-2022,23:00:00,23:05:00, Sandstorms,Low ,Metropolitian ,15
194,4.9,22.74806,75.8934,22.76806,75.9134,11-03-2022,08:40:00,08:55:00, Cloudy,Low ,Urban ,15
195,4.8,26.891191,75.802083,26.981191,75.892083,14-03-2022,17:50:00,17:55:00, Sunny,Medium ,Metropolitian ,15
196,5,21.160437,72.774209,21.270437,72.884209,18-03-2022,20:25:00,20:40:00, Stormy,Jam ,Metropolitian ,15
197,5,12.316967,76.603067,12.366967,76.653067,01-04-2022,22:20:00,22:25:00, Sunny,Low ,Metropolitian ,18
198,4.7,18.927584,72.832585,19.017584,72.922585,04-04-2022,23:40:00,23:50:00, Sandstorms,Low ,Metropolitian ,29
199,4.7,11.022298,76.998349,11.072298,77.048349,11-03-2022,23:25:00,23:30:00, Fog,Low ,Metropolitian ,20
200,4.4,12.325461,76.632278,12.365461,76.672278,13-03-2022,12:40:00,12:55:00, Cloudy,High ,Metropolitian ,39
201,4.8,18.530963,73.828972,18.640963,73.938972,04-03-2022,23:30:00,23:45:00, Windy,Low ,Metropolitian ,19
202,4.8,17.458998,78.500366,17.488998,78.530366,26-03-2022,23:55:00,00:10:00, Cloudy,Low ,Urban ,19
203,4.8,19.1813,72.836191,19.3113,72.966191,16-03-2022,22:50:00,23:00:00, Windy,Low ,Metropolitian ,17
204,4.6,11.022477,76.995667,11.032477,77.005667,01-03-2022,10:25:00,10:40:00, Stormy,Low ,Urban ,15
205,4.3,22.727021,75.884167,22.747021,75.904167,15-03-2022,08:45:00,09:00:00, Sandstorms,Low ,Urban ,19
206,4.6,12.979166,77.640709,13.069166,77.730709,04-03-2022,21:25:00,21:40:00, Sandstorms,Jam ,Metropolitian ,29
207,4.8,18.994237,72.825553,19.104237,72.935553,18-03-2022,22:35:00,22:40:00, Cloudy,Low ,Urban ,22
208,4.3,12.284747,76.625861,12.414747,76.755861,23-03-2022,20:10:00,20:20:00, Fog,Jam ,Metropolitian ,42
209,4.7,21.175975,72.795503,21.195975,72.815503,15-03-2022,10:55:00,11:10:00, Sandstorms,Low ,Urban ,12
210,4.2,11.000762,76.981876,11.130762,77.111876,08-03-2022,20:35:00,20:45:00, Cloudy,Jam ,Metropolitian ,38
211,4.6,21.173343,72.792731,21.283343,72.902731,10-03-2022,23:20:00,23:35:00, Sunny,Low ,Metropolitian ,23
212,4.7,26.479108,80.315042,26.499108,80.335042,11-02-2022,10:35:00,10:50:00, Cloudy,Low ,Metropolitian ,15
213,4.6,21.175104,72.804342,21.255104,72.884342,14-03-2022,23:45:00,23:50:00, Sunny,Low ,Metropolitian ,24
214,3.8,19.176269,72.836721,19.286269,72.946721,16-03-2022,19:55:00,20:00:00, Windy,Jam ,Metropolitian ,37
215,4.8,12.975377,77.696664,13.025377,77.746664,01-03-2022,22:15:00,22:25:00, Sandstorms,Low ,Metropolitian ,24
216,4.8,23.359194,85.325447,23.419194,85.385447,01-03-2022,23:10:00,23:15:00, Sunny,Low ,Metropolitian ,13
217,4.8,12.297954,76.665169,12.307954,76.675169,30-03-2022,09:15:00,09:30:00, Cloudy,Low ,NaN ,16
218,4.9,23.359407,85.325055,23.439407,85.405055,02-03-2022,18:25:00,18:35:00, Cloudy,Medium ,Urban ,42
219,4.9,23.416792,85.316842,23.506792,85.406842,20-03-2022,22:10:00,22:20:00, Sandstorms,Low ,Metropolitian ,17
220,4.6,26.892312,75.806896,26.922313,75.836896,03-04-2022,20:50:00,21:05:00, Cloudy,Jam ,Metropolitian ,25
221,NaN ,22.31279,73.170283,22.42279,73.280283,02-04-2022,NaN ,18:25:00, NaN,NaN ,Metropolitian ,25
222,4.2,22.761593,75.886362,22.871593,75.996362,29-03-2022,18:45:00,18:50:00, Fog,Medium ,Metropolitian ,39
223,4.8,11.026117,76.944652,11.066117,76.984652,17-03-2022,14:55:00,15:05:00, Sunny,High ,Metropolitian ,18
224,4.9,13.064181,80.236442,13.104181,80.276442,17-03-2022,16:50:00,17:00:00, Sandstorms,Medium ,Metropolitian ,28
225,4.5,26.483042,80.317833,26.533042,80.367833,15-02-2022,22:20:00,22:35:00, Sandstorms,Low ,Metropolitian ,18
226,4.9,11.000762,76.981876,11.130762,77.111876,18-03-2022,00:00:00,00:15:00, Windy,Low ,Metropolitian ,18
227,4.7,23.359033,85.325347,23.469033,85.435347,08-03-2022,21:10:00,21:20:00, Fog,Jam ,Metropolitian ,49
228,NaN ,22.569358,88.433452,22.599358,88.463452,17-02-2022,23:25:00,23:35:00, Sunny,Low ,Metropolitian ,15
229,4.6,12.914264,77.6784,12.994264,77.7584,31-03-2022,23:30:00,23:35:00, Sunny,Low ,Metropolitian ,21
230,4.7,19.121999,72.908493,19.161999,72.948493,01-03-2022,14:20:00,14:35:00, Sunny,High ,Metropolitian ,23
231,5,21.157729,72.768726,21.167729,72.778726,03-04-2022,10:15:00,10:25:00, Fog,Low ,Urban ,11
232,4.6,22.311603,73.165012,22.371603,73.225012,24-03-2022,21:20:00,21:35:00, Cloudy,Jam ,Metropolitian ,25
233,4.9,18.536562,73.896485,18.556562,73.916485,07-03-2022,08:50:00,08:55:00, Fog,Low ,Metropolitian ,18
234,4.7,22.745536,75.893106,22.765536,75.913106,09-03-2022,09:00:00,09:05:00, Cloudy,Low ,Metropolitian ,14
235,4.9,12.933298,77.614293,13.023298,77.704293,12-03-2022,17:45:00,18:00:00, Windy,Medium ,Metropolitian ,36
236,4.8,12.939496,77.625999,12.989496,77.675999,24-03-2022,23:10:00,23:15:00, Fog,Low ,Metropolitian ,18
237,4.9,0,0,0.04,0.04,30-03-2022,16:35:00,16:50:00, Fog,Medium ,Urban ,17
238,4.4,17.426228,78.407495,17.436228,78.417495,05-03-2022,08:30:00,08:40:00, Sandstorms,Low ,Metropolitian ,28
239,4.6,12.934365,77.616155,13.024365,77.706155,18-03-2022,20:35:00,20:50:00, Fog,Jam ,Metropolitian ,44
240,4.3,11.003669,76.976494,11.063669,77.036494,13-03-2022,23:25:00,23:40:00, Windy,Low ,Metropolitian ,20
241,NaN ,18.543626,73.905101,18.573626,73.935101,09-03-2022,NaN ,23:40:00, Stormy,Low ,NaN ,19
242,5,22.311358,73.164798,22.381358,73.234798,31-03-2022,19:55:00,20:05:00, Fog,Jam ,Metropolitian ,35
243,4.2,12.986047,80.218114,13.096047,80.328114,23-03-2022,21:20:00,21:30:00, Sandstorms,Jam ,Metropolitian ,50
244,4.1,17.41233,78.449654,17.47233,78.509654,24-03-2022,21:45:00,21:50:00, Stormy,Jam ,Metropolitian ,34
245,4.6,21.17106,72.789292,21.25106,72.869292,12-03-2022,19:40:00,19:55:00, Sunny,Jam ,Metropolitian ,17
246,4.6,21.186884,72.793616,21.226884,72.833616,03-03-2022,14:50:00,15:00:00, Sandstorms,High ,Urban ,23
247,4.9,11.026117,76.944652,11.056117,76.974652,09-03-2022,18:10:00,18:20:00, Fog,Medium ,Metropolitian ,27
248,4.7,0,0,0.04,0.04,17-03-2022,12:20:00,12:30:00, Cloudy,High ,Urban ,26
249,3.9,19.065838,72.832658,19.135838,72.902658,18-03-2022,23:40:00,23:50:00, Cloudy,Low ,Metropolitian ,35
250,4.6,0,0,0.04,0.04,19-03-2022,12:50:00,12:55:00, Windy,High ,Urban ,41
251,4.4,12.98041,77.640489,13.04041,77.700489,07-03-2022,23:20:00,23:30:00, Sandstorms,Low ,NaN ,23
252,4.6,11.022477,76.995667,11.132477,77.105667,04-03-2022,17:50:00,18:00:00, Stormy,Medium ,Metropolitian ,30
253,4.8,0,0,0.02,0.02,03-04-2022,10:25:00,10:35:00, Windy,Low ,Metropolitian ,19
254,4.9,0,0,0.01,0.01,11-03-2022,09:10:00,09:25:00, Windy,Low ,Metropolitian ,27
255,4.8,12.310972,76.659264,12.350972,76.699264,01-04-2022,12:30:00,12:45:00, Cloudy,High ,Metropolitian ,28
256,4.7,11.025083,77.015393,11.105083,77.095393,20-03-2022,17:10:00,17:20:00, Sandstorms,Medium ,Metropolitian ,24
257,5,12.316967,76.603067,12.446967,76.733067,31-03-2022,19:15:00,19:30:00, Cloudy,Jam ,Urban ,36
258,4.3,22.538731,88.364878,22.598731,88.424878,13-02-2022,23:50:00,23:55:00, Sandstorms,Low ,Metropolitian ,28
259,4.8,11.001753,76.986241,11.111753,77.096241,29-03-2022,18:45:00,18:50:00, Fog,Medium ,Urban ,31
260,4,22.310237,73.158921,22.400237,73.248921,16-03-2022,20:40:00,20:45:00, Sunny,Jam ,Metropolitian ,44
261,4.8,23.359033,85.325347,23.439033,85.405347,14-03-2022,22:10:00,22:25:00, Windy,Low ,Metropolitian ,15
262,4.4,18.593481,73.785901,18.663481,73.855901,31-03-2022,17:20:00,17:25:00, Windy,Medium ,Metropolitian ,33
263,4.9,21.186438,72.794115,21.236438,72.844115,17-03-2022,19:55:00,20:10:00, Fog,Jam ,Metropolitian ,30
264,4.9,22.725748,75.898497,22.775748,75.948497,28-03-2022,18:15:00,18:25:00, Stormy,Medium ,Metropolitian ,22
265,4.1,0,0,0.07,0.07,04-04-2022,23:50:00,00:00:00, Fog,Low ,Metropolitian ,43
266,4.8,17.450851,78.379347,17.540851,78.469347,04-03-2022,17:25:00,17:35:00, Fog,Medium ,Metropolitian ,48
267,4.5,13.081878,80.248519,13.171878,80.338519,04-03-2022,23:45:00,00:00:00, Stormy,Low ,Metropolitian ,19
268,4.7,10.035573,76.336958,10.105573,76.406958,14-02-2022,18:30:00,18:35:00, Windy,Medium ,Urban ,21
269,4.3,22.308096,73.167753,22.388096,73.247753,25-03-2022,21:35:00,21:45:00, Windy,Jam ,Metropolitian ,44
270,4.5,12.975996,80.221898,12.985996,80.231898,17-03-2022,08:40:00,08:55:00, Windy,Low ,Metropolitian ,26
271,4.7,12.3085,76.665808,12.3385,76.695808,01-04-2022,22:35:00,22:40:00, Windy,Low ,Metropolitian ,26
272,5,19.178321,72.834715,19.188321,72.844715,19-03-2022,11:45:00,11:50:00, Windy,High ,Metropolitian ,31
273,4.6,0,0,0.06,0.06,07-03-2022,23:25:00,23:40:00, Stormy,Low ,Urban ,19
274,4.5,26.910262,75.783013,26.990262,75.863013,02-03-2022,19:10:00,19:15:00, Sunny,Jam ,Metropolitian ,18
275,4.7,25.443994,81.860187,25.513994,81.930187,16-02-2022,18:45:00,19:00:00, Fog,Medium ,Metropolitian ,38
276,4.6,23.359194,85.325447,23.449194,85.415447,29-03-2022,18:15:00,18:25:00, Cloudy,Medium ,Metropolitian ,32
277,4.9,17.458998,78.500366,17.508998,78.550366,07-03-2022,22:30:00,22:35:00, Sandstorms,Low ,Metropolitian ,17
278,4.8,18.530963,73.828972,18.590963,73.888972,03-03-2022,19:00:00,19:05:00, Fog,Medium ,Urban ,11
279,4.7,12.321214,76.621094,12.361214,76.661094,30-03-2022,13:10:00,13:20:00, Windy,High ,Metropolitian ,31
280,NaN ,26.913483,75.803139,26.983483,75.873139,12-03-2022,NaN ,17:50:00, Sandstorms,Medium ,Metropolitian ,43
281,4.6,12.3085,76.665808,12.3685,76.725808,19-03-2022,17:55:00,18:05:00, Windy,Medium ,Metropolitian ,25
282,4.8,19.055831,72.833984,19.115831,72.893984,15-03-2022,19:50:00,20:05:00, Cloudy,Jam ,Metropolitian ,22
283,4.9,12.337928,76.617889,12.407928,76.687889,02-03-2022,21:15:00,21:20:00, Fog,Jam ,Metropolitian ,43
284,4.7,23.351489,85.324253,23.421489,85.394253,31-03-2022,19:35:00,19:45:00, Fog,Jam ,Metropolitian ,42
285,3.9,22.728163,75.884212,22.808163,75.964212,06-03-2022,19:10:00,19:20:00, Stormy,Jam ,Metropolitian ,42
286,4.7,13.026286,80.275235,13.056286,80.305235,21-03-2022,21:20:00,21:30:00, Fog,Jam ,Metropolitian ,34
287,4.7,26.766536,75.837333,26.786536,75.857333,01-03-2022,09:50:00,10:05:00, Sandstorms,Low ,Metropolitian ,17
288,4.6,21.149834,72.778666,21.179834,72.808666,24-03-2022,20:35:00,20:40:00, Stormy,Jam ,Metropolitian ,25
289,4.3,12.3085,76.665808,12.3985,76.755808,04-04-2022,21:15:00,21:25:00, Sandstorms,Jam ,Semi-Urban ,54
290,4.9,21.149669,72.772629,21.219669,72.842629,02-03-2022,23:00:00,23:15:00, Windy,Low ,Metropolitian ,21
291,4,17.411028,78.329645,17.451028,78.369645,01-04-2022,15:00:00,15:10:00, Cloudy,High ,Metropolitian ,34
292,4.1,26.482581,80.315628,26.572581,80.405628,12-02-2022,19:45:00,19:50:00, Fog,Jam ,Metropolitian ,36
293,4.9,12.284747,76.625861,12.344747,76.685861,05-04-2022,17:45:00,17:55:00, Sunny,Medium ,Metropolitian ,17
294,4.7,26.911378,75.789034,26.921378,75.799034,03-03-2022,09:00:00,09:10:00, Sunny,Low ,Metropolitian ,16
295,4.7,13.02978,80.208812,13.10978,80.288812,06-04-2022,20:00:00,20:05:00, Sunny,Jam ,Metropolitian ,27
296,4.5,12.323194,76.630583,12.363194,76.670583,17-03-2022,12:50:00,12:55:00, Fog,High ,Metropolitian ,26
297,4.6,18.563934,73.915367,18.653934,74.005367,31-03-2022,21:40:00,21:55:00, Fog,Jam ,Metropolitian ,46
298,5,22.569367,88.433187,22.629367,88.493187,17-02-2022,19:55:00,20:05:00, Sunny,Jam ,Metropolitian ,29
299,4.8,12.949934,77.699386,13.009934,77.759386,09-03-2022,19:35:00,19:40:00, Sandstorms,Jam ,Metropolitian ,23
300,5,21.175975,72.795503,21.255975,72.875503,27-03-2022,22:35:00,22:50:00, Sandstorms,Low ,Urban ,11
301,4.9,22.725835,75.887648,22.835835,75.997648,25-03-2022,17:10:00,17:25:00, Stormy,Medium ,Metropolitian ,28
302,4.8,18.536562,73.896485,18.596562,73.956485,11-03-2022,19:35:00,19:40:00, Cloudy,Jam ,Metropolitian ,25
303,4.7,23.416792,85.316842,23.436792,85.336842,03-03-2022,10:30:00,10:45:00, Sandstorms,Low ,Metropolitian ,11
304,4.9,30.89286,75.822199,30.92286,75.852199,15-02-2022,18:10:00,18:20:00, Windy,Medium ,Metropolitian ,26
305,4.3,12.310972,76.659264,12.330972,76.679264,07-03-2022,10:10:00,10:25:00, Stormy,Low ,Metropolitian ,23
306,4,26.913987,75.752891,26.993987,75.832891,18-03-2022,17:50:00,18:05:00, Fog,Medium ,Metropolitian ,39
307,4.5,11.001753,76.986241,11.021753,77.006241,03-04-2022,08:50:00,09:00:00, Fog,Low ,NaN ,11
308,3.9,22.310237,73.158921,22.390237,73.238921,06-04-2022,19:55:00,20:10:00, Stormy,Jam ,Metropolitian ,32
309,4.8,12.933284,77.615428,13.003284,77.685428,06-03-2022,17:55:00,18:10:00, Fog,Medium ,Metropolitian ,43
310,4.7,12.297954,76.665169,12.337954,76.705169,19-03-2022,15:30:00,15:40:00, Fog,Medium ,Metropolitian ,13
311,4.7,12.352058,76.60665,12.362058,76.61665,21-03-2022,09:40:00,09:50:00, Windy,Low ,Metropolitian ,25
312,5,13.086438,80.220672,13.146439,80.280672,19-03-2022,18:20:00,18:25:00, Windy,Medium ,Metropolitian ,27
313,4.5,17.429585,78.392621,17.469585,78.432621,28-03-2022,15:35:00,15:50:00, Windy,Medium ,Metropolitian ,29
314,4.1,12.978453,77.643685,13.048453,77.713685,29-03-2022,18:15:00,18:30:00, Sandstorms,Medium ,Metropolitian ,33
315,4.7,13.044694,80.26147,13.084694,80.30147,17-03-2022,16:55:00,17:00:00, Fog,Medium ,Urban ,19
316,4.4,12.98041,77.640489,13.11041,77.770489,29-03-2022,18:10:00,18:15:00, Sunny,Medium ,Metropolitian ,33
317,4.8,0,0,0.06,0.06,21-03-2022,19:15:00,19:20:00, Fog,Jam ,Metropolitian ,28
318,4.8,26.846156,75.8023,26.926156,75.8823,04-03-2022,18:25:00,18:35:00, Windy,Medium ,NaN ,15
319,4.6,25.449659,81.839744,25.479659,81.869744,15-02-2022,20:30:00,20:45:00, Stormy,Jam ,Metropolitian ,29
320,4.9,26.911927,75.797282,27.051927,75.937282,29-03-2022,22:55:00,23:00:00, Stormy,Low ,Metropolitian ,18
321,5,10.020683,76.310631,10.030683,76.320631,13-02-2022,10:55:00,11:00:00, Stormy,Low ,Metropolitian ,14
322,4.7,12.935662,77.61413,12.975662,77.65413,03-04-2022,16:00:00,16:15:00, Windy,Medium ,Metropolitian ,30
323,4.9,15.585658,73.743606,15.625658,73.783606,13-02-2022,14:50:00,15:05:00, Sunny,High ,Metropolitian ,28
324,4.7,0,0,0.13,0.13,16-03-2022,20:20:00,20:25:00, Fog,Jam ,Metropolitian ,39
325,4.9,17.429585,78.392621,17.519585,78.482621,02-04-2022,19:00:00,19:15:00, Cloudy,Medium ,Metropolitian ,30
326,4.8,26.766536,75.837333,26.896536,75.967333,20-03-2022,18:15:00,18:20:00, Sandstorms,Medium ,Metropolitian ,36
327,4.4,26.846156,75.8023,26.986156,75.9423,29-03-2022,23:35:00,23:50:00, Fog,Low ,Metropolitian ,37
328,4.7,26.913987,75.752891,27.053987,75.892891,04-03-2022,19:35:00,19:40:00, Cloudy,Jam ,Metropolitian ,43
329,4.6,22.310526,73.170937,22.420526,73.280937,27-03-2022,23:35:00,23:45:00, Sunny,Low ,NaN ,29
330,4.8,0,0,0.03,0.03,11-02-2022,18:00:00,18:15:00, Stormy,Medium ,Metropolitian ,25
331,4.7,12.972532,77.608179,13.022532,77.658179,09-03-2022,18:10:00,18:25:00, Fog,Medium ,Urban ,15
332,NaN ,0,0,0.07,0.07,02-03-2022,NaN ,20:50:00, Sandstorms,Jam ,Metropolitian ,24
333,4,19.103249,72.846749,19.193249,72.936749,12-03-2022,21:10:00,21:15:00, Windy,Jam ,Metropolitian ,39
334,4.6,17.426228,78.407495,17.506228,78.487495,04-04-2022,23:40:00,23:50:00, Windy,Low ,Metropolitian ,20
335,4.6,26.471617,80.313564,26.491617,80.333564,11-02-2022,11:00:00,11:10:00, Fog,Low ,Metropolitian ,15
336,4.8,19.866969,75.318894,19.976969,75.428894,18-02-2022,22:45:00,23:00:00, Sandstorms,Low ,Metropolitian ,16
337,4.7,18.593481,73.785901,18.603481,73.795901,19-03-2022,11:00:00,11:15:00, Sunny,Low ,Metropolitian ,19
338,4.9,12.906229,77.596791,12.986229,77.676791,02-03-2022,23:25:00,23:40:00, Fog,Low ,Metropolitian ,20
339,4.8,26.482581,80.315628,26.552581,80.385628,14-02-2022,21:00:00,21:10:00, Sunny,Jam ,Metropolitian ,25
340,4.8,12.933298,77.614293,13.013298,77.694293,27-03-2022,19:30:00,19:40:00, Cloudy,Jam ,Metropolitian ,43
341,4.5,22.751857,75.866699,22.881857,75.996699,04-03-2022,22:55:00,23:05:00, Windy,Low ,Urban ,15
342,4.5,11.010375,76.95295,11.090375,77.03295,06-04-2022,20:25:00,20:40:00, Sunny,Jam ,Urban ,29
343,4.6,17.483216,78.552111,17.523216,78.592111,26-03-2022,12:35:00,12:50:00, Stormy,High ,Metropolitian ,14
344,4.8,27.160934,78.044095,27.220934,78.104095,11-02-2022,18:55:00,19:00:00, Sunny,Medium ,Metropolitian ,11
345,4,11.006686,76.951736,11.056686,77.001736,28-03-2022,22:45:00,22:50:00, Sandstorms,Low ,Metropolitian ,19
346,4.9,0,0,0.08,0.08,18-03-2022,23:45:00,23:55:00, Windy,Low ,Metropolitian ,29
347,4.7,25.457687,81.835585,25.497687,81.875585,11-02-2022,15:25:00,15:30:00, Cloudy,Medium ,Urban ,11
348,4.8,19.12663,72.829976,19.13663,72.839976,28-03-2022,11:30:00,11:40:00, Sunny,High ,Metropolitian ,14
349,5,19.875016,75.322405,19.965016,75.412405,16-02-2022,22:35:00,22:45:00, Windy,Low ,Urban ,15
350,4.7,19.178321,72.834715,19.248321,72.904715,16-03-2022,23:35:00,23:45:00, Sandstorms,Low ,Metropolitian ,16
351,NaN ,18.536718,73.830327,18.646718,73.940327,08-03-2022,NaN ,21:25:00, NaN,NaN ,Urban ,43
352,4.8,13.026279,80.174568,13.046279,80.194568,28-03-2022,10:25:00,10:30:00, Stormy,Low ,Metropolitian ,20
353,4.9,17.455894,78.375467,17.485894,78.405467,03-03-2022,22:20:00,22:30:00, Stormy,Low ,Metropolitian ,26
354,4.9,21.149834,72.778666,21.209834,72.838666,13-03-2022,17:15:00,17:20:00, Windy,Medium ,Metropolitian ,26
355,4.4,11.022477,76.995667,11.092477,77.065667,14-03-2022,21:30:00,21:45:00, Windy,Jam ,Urban ,43
356,4.6,22.310237,73.158921,22.370237,73.218921,01-03-2022,18:40:00,18:50:00, Sandstorms,Medium ,Urban ,25
357,4.9,11.010375,76.95295,11.050375,76.99295,21-03-2022,15:10:00,15:20:00, Fog,Medium ,Metropolitian ,28
358,4.5,22.745049,75.892471,22.835049,75.982471,10-03-2022,22:50:00,23:05:00, Stormy,Low ,Metropolitian ,17
359,4.2,22.74806,75.8934,22.83806,75.9834,20-03-2022,19:30:00,19:40:00, Windy,Jam ,Metropolitian ,44
360,4.2,19.178321,72.834715,19.268321,72.924715,06-04-2022,20:30:00,20:35:00, Stormy,Jam ,Metropolitian ,33
361,NaN ,13.054347,80.257221,13.104347,80.307221,15-03-2022,18:35:00,18:40:00, Cloudy,Medium ,Urban ,19
362,4.5,12.979096,77.640625,13.009096,77.670625,03-04-2022,18:45:00,18:50:00, Sunny,Medium ,Metropolitian ,15
363,4.7,27.163303,78.057044,27.293303,78.187044,12-02-2022,23:10:00,23:20:00, Fog,Low ,Metropolitian ,27
364,4.7,26.482419,80.320939,26.502419,80.340939,11-02-2022,11:10:00,11:25:00, Cloudy,High ,Metropolitian ,25
365,4.8,22.310237,73.158921,22.350237,73.198921,05-04-2022,13:50:00,13:55:00, Sunny,High ,Metropolitian ,18
366,4.9,22.307898,73.167788,22.367898,73.227788,05-04-2022,18:40:00,18:45:00, Stormy,Medium ,Metropolitian ,21
367,4.9,27.160832,78.011608,27.230832,78.081608,18-02-2022,21:15:00,21:30:00, Cloudy,Jam ,Metropolitian ,53
368,4.4,10.027014,76.308053,10.137014,76.418053,12-02-2022,21:45:00,21:55:00, Sandstorms,Jam ,Metropolitian ,42
369,4.9,30.890184,75.829615,31.000184,75.939615,14-02-2022,21:20:00,21:35:00, Sunny,Jam ,Metropolitian ,20
370,4.7,11.003681,76.975525,11.133681,77.105525,02-03-2022,22:45:00,22:55:00, Fog,Low ,Metropolitian ,29
371,4.7,12.986047,80.218114,13.096047,80.328114,04-04-2022,20:10:00,20:20:00, Stormy,Jam ,Urban ,15
372,4.7,11.006686,76.951736,11.056686,77.001736,09-03-2022,18:20:00,18:35:00, Fog,Medium ,Metropolitian ,30
373,4.8,21.15276,72.778059,21.28276,72.908059,12-03-2022,20:40:00,20:45:00, Windy,Jam ,Metropolitian ,28
374,4.8,22.753839,75.897429,22.773839,75.917429,01-04-2022,10:00:00,10:05:00, Stormy,Low ,NaN ,19
375,4.5,19.876106,75.340775,20.006106,75.470775,18-02-2022,22:30:00,22:40:00, Sandstorms,Low ,Metropolitian ,15
376,4.9,13.005801,80.250744,13.115801,80.360744,23-03-2022,21:50:00,22:05:00, Sandstorms,Jam ,Urban ,50
377,4.1,12.933298,77.614293,12.943298,77.624293,05-03-2022,11:50:00,11:55:00, Stormy,High ,Metropolitian ,41
378,5,0,0,0.07,0.07,27-03-2022,17:25:00,17:35:00, Fog,Medium ,Metropolitian ,37
379,4.7,0,0,0.06,0.06,19-03-2022,21:55:00,22:10:00, Cloudy,Jam ,Metropolitian ,28
380,4.3,30.328174,78.049117,30.398174,78.119117,16-02-2022,18:40:00,18:55:00, Cloudy,Medium ,Metropolitian ,35
381,4.5,12.978453,77.643685,13.048453,77.713685,02-03-2022,20:25:00,20:35:00, Windy,Jam ,Metropolitian ,27
382,4.9,13.058616,80.264151,13.138616,80.344151,02-03-2022,21:45:00,21:50:00, Fog,Jam ,Metropolitian ,43
383,4.5,26.911927,75.797282,26.971927,75.857282,05-04-2022,22:20:00,22:30:00, Fog,Low ,NaN ,12
384,4.7,-27.165108,78.015053,27.225108,78.075053,13-02-2022,20:55:00,21:10:00, Sandstorms,Jam ,Metropolitian ,31
385,4.1,0,0,0.13,0.13,14-02-2022,21:35:00,21:40:00, Cloudy,Jam ,Metropolitian ,39
386,4.4,22.307898,73.167788,22.417898,73.277788,20-03-2022,21:15:00,21:20:00, Stormy,Jam ,Urban ,47
387,4.5,21.170096,72.789122,21.220096,72.839122,11-03-2022,23:30:00,23:35:00, Fog,Low ,Urban ,26
388,4.9,30.905562,75.832841,30.995562,75.922841,18-02-2022,17:15:00,17:30:00, Cloudy,Medium ,Metropolitian ,31
389,3.8,26.849596,75.800512,26.989596,75.940512,04-04-2022,20:45:00,20:55:00, Sandstorms,Jam ,Metropolitian ,42
390,NaN ,-18.55144,-73.804855,18.61144,73.864855,05-03-2022,NaN ,22:05:00, Stormy,Jam ,Urban ,12
391,4.9,11.003681,76.975525,11.043681,77.015525,09-03-2022,13:30:00,13:40:00, Cloudy,High ,Metropolitian ,25
392,4.4,27.163303,78.057044,27.243303,78.137044,18-02-2022,22:00:00,22:10:00, Sandstorms,Jam ,Metropolitian ,39
393,4.9,21.157729,72.768726,21.247729,72.858726,20-03-2022,23:20:00,23:30:00, Fog,Low ,NaN ,21
394,4.9,26.902328,75.794257,26.932328,75.824257,26-03-2022,18:35:00,18:40:00, Fog,Medium ,Metropolitian ,18
395,4.8,26.90519,75.810753,26.99519,75.900753,29-03-2022,20:40:00,20:55:00, Sandstorms,Jam ,Urban ,22
396,4.8,17.428294,78.404423,17.448294,78.424423,01-03-2022,08:25:00,08:40:00, Fog,Low ,Metropolitian ,23
397,4,12.316967,76.603067,12.446967,76.733067,18-03-2022,17:45:00,17:55:00, Stormy,Medium ,Metropolitian ,48
398,4.5,12.975377,77.696664,13.055377,77.776664,31-03-2022,22:25:00,22:40:00, Windy,Low ,Urban ,13
399,4.6,13.026286,80.275235,13.046286,80.295235,30-03-2022,11:30:00,11:40:00, Sandstorms,High ,Metropolitian ,32
400,4.9,12.323978,76.627961,12.453978,76.757961,06-03-2022,21:45:00,21:50:00, Sandstorms,Jam ,Urban ,16
401,5,11.025083,77.015393,11.055083,77.045393,05-03-2022,17:25:00,17:30:00, Cloudy,Medium ,Urban ,19
402,4.8,12.933284,77.615428,12.953284,77.635428,26-03-2022,09:40:00,09:45:00, Sunny,Low ,Metropolitian ,18
403,5,26.492106,80.327797,26.562106,80.397797,16-02-2022,20:55:00,21:05:00, Windy,Jam ,Metropolitian ,27
404,4.5,19.003517,72.82765,19.073517,72.89765,12-03-2022,17:10:00,17:20:00, Sunny,Medium ,Urban ,25
405,5,10.994136,76.963303,11.024136,76.993303,01-03-2022,18:25:00,18:40:00, Stormy,Medium ,Metropolitian ,31
406,NaN ,23.353783,85.326967,23.463783,85.436967,04-04-2022,NaN ,19:45:00, Fog,Jam ,Metropolitian ,39
407,4.6,17.440827,78.393391,17.510827,78.463391,16-03-2022,17:55:00,18:00:00, Sunny,Medium ,Metropolitian ,20
408,3.9,19.12663,72.829976,19.20663,72.909976,29-03-2022,19:55:00,20:10:00, Windy,Jam ,Metropolitian ,38
409,4.6,12.297954,76.665169,12.327954,76.695169,05-03-2022,23:00:00,23:05:00, Windy,Low ,Metropolitian ,19
410,4.7,0,0,0.03,0.03,17-02-2022,21:15:00,21:25:00, Sunny,Jam ,Metropolitian ,17
411,4.6,22.308096,73.167753,22.318096,73.177753,13-03-2022,10:40:00,10:55:00, Cloudy,Low ,Urban ,24
412,4.8,12.323194,76.630583,12.343194,76.650583,13-03-2022,11:20:00,11:25:00, Fog,High ,Urban ,26
413,4.8,17.450851,78.379347,17.510851,78.439347,03-04-2022,18:00:00,18:10:00, Sandstorms,Medium ,Metropolitian ,28
414,4.7,18.543626,73.905101,18.623626,73.985101,23-03-2022,17:10:00,17:15:00, Sandstorms,Medium ,Urban ,16
415,4.7,0,0,0.03,0.03,01-03-2022,18:25:00,18:35:00, Fog,Medium ,Urban ,17
416,4.2,12.304569,76.643622,12.364569,76.703622,13-03-2022,23:10:00,23:15:00, Windy,Low ,Urban ,24
417,4.7,12.299524,76.64262,12.369524,76.71262,29-03-2022,17:15:00,17:30:00, Windy,Medium ,Metropolitian ,24
418,4.3,26.849596,75.800512,26.869596,75.820512,15-03-2022,11:55:00,12:05:00, Stormy,High ,Metropolitian ,34
419,4.8,19.003517,72.82765,19.013517,72.83765,09-03-2022,09:30:00,09:45:00, Cloudy,Low ,Urban ,16
420,4.9,21.160522,72.771477,21.210522,72.821477,05-04-2022,22:40:00,22:50:00, Windy,Low ,Metropolitian ,26
421,5,22.728163,75.884212,22.858163,76.014212,02-04-2022,17:10:00,17:15:00, Fog,Medium ,Metropolitian ,25
422,4.6,22.31279,73.170283,22.38279,73.240283,10-03-2022,17:10:00,17:25:00, Fog,Medium ,Metropolitian ,49
423,4.6,12.98041,77.640489,13.06041,77.720489,23-03-2022,18:30:00,18:40:00, Windy,Medium ,Urban ,24
424,4.7,0,0,0.02,0.02,13-03-2022,11:50:00,12:00:00, Sandstorms,High ,Metropolitian ,32
425,4.6,19.131141,72.813074,19.16114,72.843074,07-03-2022,19:00:00,19:10:00, Sunny,Medium ,Metropolitian ,26
426,4.9,17.433809,78.386744,17.523809,78.476744,18-03-2022,23:55:00,00:10:00, Sandstorms,Low ,Metropolitian ,24
427,4.6,17.428294,78.404423,17.558294,78.534423,31-03-2022,19:45:00,19:50:00, Stormy,Jam ,Metropolitian ,16
428,4.7,26.766536,75.837333,26.896536,75.967333,04-04-2022,20:30:00,20:40:00, Windy,Jam ,Metropolitian ,27
429,4.9,19.879631,75.323403,19.899631,75.343403,17-02-2022,11:10:00,11:15:00, Fog,High ,Metropolitian ,25
430,4.7,13.026286,80.275235,13.046286,80.295235,26-03-2022,09:00:00,09:10:00, Cloudy,Low ,Metropolitian ,26
431,4.5,19.091458,72.827808,19.151458,72.887808,28-03-2022,19:30:00,19:35:00, Sandstorms,Jam ,Urban ,25
432,NaN ,0,0,0.03,0.03,05-03-2022,NaN ,22:40:00, Fog,Low ,Metropolitian ,26
433,5,26.849596,75.800512,26.859596,75.810512,15-03-2022,08:20:00,08:25:00, Fog,Low ,Urban ,15
434,4.8,12.934179,77.615797,12.954179,77.635797,17-03-2022,11:00:00,11:05:00, Sunny,Low ,Urban ,18
435,4.5,18.520016,73.830547,18.570016,73.880547,09-03-2022,20:30:00,20:35:00, Fog,Jam ,Metropolitian ,30
436,4.4,12.986047,80.218114,13.096047,80.328114,02-04-2022,19:45:00,20:00:00, Cloudy,Jam ,Metropolitian ,46
437,4.7,21.170798,72.790489,21.280798,72.900489,29-03-2022,22:25:00,22:30:00, Windy,Low ,Metropolitian ,24
438,4.4,18.563934,73.915367,18.603935,73.955367,05-03-2022,16:00:00,16:05:00, Sandstorms,Medium ,Metropolitian ,37
439,4.6,22.760072,75.892574,22.850072,75.982574,29-03-2022,21:30:00,21:35:00, Windy,Jam ,Metropolitian ,27
440,4.8,19.12663,72.829976,19.16663,72.869976,05-03-2022,15:25:00,15:35:00, Windy,Medium ,NaN ,27
441,4.2,22.761226,75.887522,22.821226,75.947522,05-03-2022,17:25:00,17:35:00, Windy,Medium ,Metropolitian ,32
442,4.6,19.178321,72.834715,19.198321,72.854715,13-03-2022,11:45:00,12:00:00, Stormy,High ,Urban ,28
443,4.5,21.149834,72.778666,21.199834,72.828666,03-03-2022,20:15:00,20:20:00, Sandstorms,Jam ,Metropolitian ,29
444,4.5,26.88842,75.800689,26.89842,75.810689,03-03-2022,10:25:00,10:35:00, Sandstorms,Low ,Metropolitian ,27
445,4.9,12.297954,76.665169,12.307954,76.675169,24-03-2022,08:25:00,08:30:00, Cloudy,Low ,Metropolitian ,11
446,4.7,17.458998,78.500366,17.518998,78.560366,15-03-2022,17:15:00,17:20:00, Cloudy,Medium ,Urban ,13
447,4.8,23.354422,85.3329,23.484422,85.4629,12-03-2022,22:45:00,22:50:00, Windy,Low ,Metropolitian ,27
448,4.8,13.044694,80.26147,13.084694,80.30147,13-03-2022,12:35:00,12:40:00, Windy,High ,Metropolitian ,25
449,NaN ,12.935662,77.61413,13.065662,77.74413,02-03-2022,NaN ,00:05:00, NaN,NaN ,Metropolitian ,26
450,4.5,23.416792,85.316842,23.456792,85.356842,05-04-2022,12:20:00,12:25:00, Cloudy,High ,Metropolitian ,27
451,4.9,18.520016,73.830547,18.630016,73.940547,02-03-2022,22:55:00,23:05:00, Sunny,Low ,Metropolitian ,26
452,3.9,22.722634,75.886959,22.812634,75.976959,08-03-2022,17:25:00,17:30:00, Windy,Medium ,Metropolitian ,32
453,4.5,22.745536,75.893106,22.765536,75.913106,21-03-2022,10:35:00,10:45:00, Windy,Low ,Metropolitian ,25
454,4.6,0,0,0.03,0.03,24-03-2022,21:45:00,22:00:00, Stormy,Jam ,Metropolitian ,32
455,NaN ,12.972161,77.596014,13.042161,77.666014,20-03-2022,NaN ,23:05:00, Sunny,Low ,Metropolitian ,42
456,4.7,12.304569,76.643622,12.354569,76.693622,11-03-2022,19:50:00,20:05:00, Sunny,Jam ,Metropolitian ,29
457,4.6,21.175104,72.804342,21.245104,72.874342,10-03-2022,19:30:00,19:35:00, Cloudy,Jam ,Metropolitian ,32
458,4,12.935662,77.61413,13.015662,77.69413,12-03-2022,23:45:00,23:55:00, Cloudy,Low ,Metropolitian ,35
459,4.8,21.17106,72.789292,21.21106,72.829292,19-03-2022,14:50:00,15:05:00, Sunny,High ,Metropolitian ,27
460,4.8,0,0,0.01,0.01,15-02-2022,08:10:00,08:20:00, Sunny,Low ,Metropolitian ,15
461,5,17.450851,78.379347,17.500851,78.429347,09-03-2022,21:55:00,22:10:00, Cloudy,Jam ,Urban ,27
462,4.5,22.526461,88.364453,22.576461,88.414453,13-02-2022,17:10:00,17:15:00, Stormy,Medium ,Metropolitian ,30
463,4.1,23.371292,85.327872,23.441292,85.397872,27-03-2022,18:40:00,18:50:00, Sunny,Medium ,Metropolitian ,32
464,4.8,18.520016,73.830547,18.530016,73.840547,21-03-2022,10:15:00,10:20:00, Stormy,Low ,Metropolitian ,25
465,4.1,13.029198,77.570997,13.059198,77.600997,15-03-2022,17:45:00,18:00:00, Windy,Medium ,Metropolitian ,38
466,4.8,23.416792,85.316842,23.476792,85.376842,26-03-2022,21:00:00,21:05:00, Fog,Jam ,Metropolitian ,26
467,3.7,18.520016,73.830547,18.630016,73.940547,25-03-2022,20:30:00,20:40:00, Stormy,Jam ,Metropolitian ,31
468,4.7,23.416792,85.316842,23.436792,85.336842,01-03-2022,11:40:00,11:55:00, Stormy,High ,Metropolitian ,28
469,3.8,18.546258,73.904337,18.656258,74.014337,10-03-2022,18:40:00,18:55:00, Stormy,Medium ,Metropolitian ,31
470,4.9,13.026286,80.275235,13.136286,80.385235,27-03-2022,23:15:00,23:25:00, Cloudy,Low ,Metropolitian ,29
471,4.7,26.921411,75.793604,26.981411,75.853604,11-03-2022,23:35:00,23:40:00, Windy,Low ,Urban ,17
472,4,22.552672,88.352885,22.642672,88.442885,14-02-2022,17:45:00,17:55:00, Windy,Medium ,Metropolitian ,45
473,4,12.352058,76.60665,12.432058,76.68665,29-03-2022,19:00:00,19:15:00, Sandstorms,Medium ,Metropolitian ,34
474,4.9,11.022298,76.998349,11.132298,77.108349,20-03-2022,19:35:00,19:45:00, Windy,Jam ,Metropolitian ,24
475,4.8,11.008638,76.984311,11.068638,77.044311,28-03-2022,21:40:00,21:55:00, Sandstorms,Jam ,Metropolitian ,44
476,4.8,21.149669,72.772629,21.199669,72.822629,01-04-2022,20:50:00,21:05:00, Cloudy,Jam ,Metropolitian ,36
477,4.9,12.972161,77.596014,13.002161,77.626014,03-04-2022,20:30:00,20:35:00, Sunny,Jam ,Metropolitian ,28
478,4.3,13.049645,80.242268,13.139645,80.332268,06-03-2022,18:35:00,18:40:00, Windy,Medium ,Metropolitian ,37
479,4.9,0,0,0.06,0.06,03-04-2022,18:00:00,18:05:00, Fog,Medium ,Urban ,10
480,4.8,17.430448,78.418213,17.520448,78.508213,10-03-2022,23:15:00,23:30:00, Stormy,Low ,Urban ,23
481,4.6,30.372202,78.077151,30.442202,78.147151,18-02-2022,23:40:00,23:55:00, Sandstorms,Low ,Metropolitian ,22
482,4.6,19.176269,72.836721,19.216269,72.876721,17-03-2022,12:45:00,12:55:00, Stormy,High ,Metropolitian ,26
483,4.9,23.351489,85.324253,23.411489,85.384253,13-03-2022,20:15:00,20:20:00, Sandstorms,Jam ,Metropolitian ,34
484,4.8,0,0,0.04,0.04,17-03-2022,15:55:00,16:10:00, Sandstorms,Medium ,Metropolitian ,26
485,4.5,0,0,0.11,0.11,16-03-2022,23:10:00,23:15:00, Fog,Low ,Metropolitian ,21
486,4.2,18.530963,73.828972,18.590963,73.888972,21-03-2022,22:50:00,23:00:00, Stormy,Low ,Metropolitian ,28
487,4.7,26.766536,75.837333,26.826536,75.897333,09-03-2022,22:45:00,22:55:00, Windy,Low ,Metropolitian ,14
488,4.7,22.722634,75.886959,22.762634,75.926959,03-03-2022,15:10:00,15:15:00, Cloudy,Medium ,Metropolitian ,17
489,4.2,12.98041,77.640489,13.01041,77.670489,01-04-2022,18:30:00,18:35:00, Sandstorms,Medium ,Metropolitian ,37
490,2.6,22.307898,73.167788,22.417898,73.277788,06-04-2022,22:35:00,22:50:00, Sunny,Low ,Metropolitian ,42
491,NaN ,0,0,0.07,0.07,10-03-2022,NaN ,17:55:00, Sunny,Medium ,Urban ,17
492,4.3,19.091458,72.827808,19.201458,72.937808,02-04-2022,17:20:00,17:30:00, Cloudy,Medium ,Metropolitian ,34
493,4.6,19.874733,75.353942,19.984733,75.463942,14-02-2022,18:35:00,18:50:00, Windy,Medium ,Metropolitian ,25
494,5,13.045479,80.23311,13.155479,80.34311,04-03-2022,19:20:00,19:35:00, Windy,Jam ,Urban ,30
495,4.9,26.956431,75.776649,27.046431,75.866649,20-03-2022,19:10:00,19:25:00, Fog,Jam ,Metropolitian ,48
496,4.9,10.027014,76.308053,10.157014,76.438053,12-02-2022,23:55:00,00:00:00, Stormy,Low ,Metropolitian ,18
497,4.8,11.008638,76.984311,11.138638,77.114311,27-03-2022,23:10:00,23:15:00, Stormy,Low ,Metropolitian ,28
498,4.6,13.022394,80.242439,13.112394,80.332439,10-03-2022,17:45:00,17:50:00, Stormy,Medium ,Urban ,26
499,4.7,19.065838,72.832658,19.175838,72.942658,06-03-2022,21:55:00,22:10:00, Sunny,Jam ,Urban ,16
500,4.8,22.75004,75.902847,22.78004,75.932847,07-03-2022,20:50:00,20:55:00, Cloudy,Jam ,Metropolitian ,25
501,4.6,0,0,0.13,0.13,04-04-2022,20:35:00,20:45:00, Sunny,Jam ,Metropolitian ,22
502,4.4,21.173493,72.801953,21.203493,72.831953,03-04-2022,22:25:00,22:40:00, Windy,Low ,Metropolitian ,15
503,4,13.029198,77.570997,13.039198,77.580997,13-03-2022,09:45:00,09:55:00, Sandstorms,Low ,Urban ,28
504,4.5,13.026279,80.174568,13.036279,80.184568,28-03-2022,10:20:00,10:25:00, Windy,Low ,Urban ,20
505,4,13.091809,80.219104,13.131809,80.259104,15-03-2022,13:30:00,13:45:00, Stormy,High ,Metropolitian ,32
506,4.7,0,0,0.13,0.13,04-04-2022,20:10:00,20:15:00, Sandstorms,Jam ,Urban ,17
507,4.9,22.308096,73.167753,22.348096,73.207753,28-03-2022,12:15:00,12:30:00, Cloudy,High ,Metropolitian ,38
508,4.8,21.183434,72.814492,21.203434,72.834492,01-03-2022,08:45:00,08:55:00, Cloudy,Low ,Metropolitian ,14
509,4.8,0,0,0.04,0.04,13-03-2022,15:35:00,15:50:00, Windy,Medium ,Metropolitian ,26
510,4.9,18.533811,73.899315,18.623811,73.989315,02-04-2022,19:35:00,19:40:00, Sandstorms,Jam ,Metropolitian ,30
511,NaN ,23.351489,85.324253,23.431489,85.404253,04-04-2022,NaN ,22:35:00, Windy,Low ,Metropolitian ,28
512,4.7,11.003681,76.975525,11.053681,77.025525,15-03-2022,19:10:00,19:25:00, Cloudy,Jam ,Metropolitian ,29
513,4.8,21.149669,72.772629,21.279669,72.902629,06-04-2022,22:50:00,22:55:00, Windy,Low ,Urban ,12
514,4,12.975377,77.696664,13.045377,77.766664,23-03-2022,18:45:00,18:50:00, Windy,Medium ,Urban ,49
515,4.9,22.311358,73.164798,22.421358,73.274798,25-03-2022,17:25:00,17:35:00, Fog,Medium ,Metropolitian ,42
516,5,12.986047,80.218114,13.056047,80.288114,27-03-2022,19:00:00,19:15:00, Sandstorms,Medium ,Urban ,24
517,4.8,21.175975,72.795503,21.285975,72.905503,25-03-2022,20:00:00,20:10:00, Cloudy,Jam ,Metropolitian ,46
518,4.6,15.496162,73.825364,15.536162,73.865364,17-02-2022,13:50:00,13:55:00, Sandstorms,High ,Urban ,27
519,4.5,26.913726,75.75282,26.933726,75.77282,03-04-2022,08:10:00,08:15:00, Stormy,Low ,Metropolitian ,13
520,5,22.569367,88.433187,22.639367,88.503187,12-02-2022,20:55:00,21:10:00, Windy,Jam ,Metropolitian ,25
521,4.9,21.170798,72.790489,21.300798,72.920489,04-04-2022,19:20:00,19:35:00, Windy,Jam ,Urban ,24
522,4.9,22.74806,75.8934,22.75806,75.9034,05-03-2022,08:30:00,08:45:00, Cloudy,Low ,Metropolitian ,12
523,4.4,30.895817,75.813112,30.905817,75.823112,13-02-2022,09:25:00,09:40:00, Windy,Low ,Metropolitian ,24
524,4.7,23.357804,85.325146,23.417804,85.385146,01-03-2022,21:30:00,21:40:00, Sandstorms,Jam ,Metropolitian ,29
525,4.7,11.010375,76.95295,11.090375,77.03295,31-03-2022,23:15:00,23:20:00, Stormy,Low ,Metropolitian ,18
526,NaN ,-30.366322,-78.070453,30.496322,78.200453,18-02-2022,NaN ,22:30:00, NaN,NaN ,Metropolitian ,20
527,NaN ,12.323994,76.626167,12.353994,76.656167,28-03-2022,NaN ,18:10:00, Stormy,Medium ,Metropolitian ,13
528,4.8,19.120083,72.907385,19.190083,72.977385,06-04-2022,23:45:00,23:55:00, Cloudy,Low ,Metropolitian ,23
529,4.9,18.563934,73.915367,18.643935,73.995367,23-03-2022,23:30:00,23:35:00, Windy,Low ,Metropolitian ,19
530,4.6,12.906229,77.596791,13.016229,77.706791,04-04-2022,21:45:00,21:50:00, Windy,Jam ,Urban ,29
531,4.7,12.933298,77.614293,13.023298,77.704293,20-03-2022,20:15:00,20:30:00, Sunny,Jam ,Metropolitian ,24
532,NaN ,12.337978,76.616792,12.377978,76.656792,07-03-2022,NaN ,13:00:00, NaN,NaN ,Urban ,27
533,4.4,27.161661,78.011544,27.241661,78.091544,18-02-2022,20:45:00,21:00:00, Cloudy,Jam ,Metropolitian ,40
534,4.9,12.337928,76.617889,12.347928,76.627889,11-03-2022,11:35:00,11:50:00, Stormy,High ,Metropolitian ,22
535,4.6,13.066762,80.251865,13.076762,80.261865,13-03-2022,11:15:00,11:20:00, Windy,High ,Urban ,12
536,4.1,10.994136,76.963303,11.074136,77.043303,10-03-2022,18:20:00,18:25:00, Sandstorms,Medium ,Metropolitian ,43
537,4.6,17.440827,78.393391,17.550827,78.503391,02-03-2022,18:15:00,18:30:00, Windy,Medium ,Metropolitian ,26
538,4.7,11.003681,76.975525,11.033681,77.005525,24-03-2022,17:15:00,17:30:00, Windy,Medium ,Metropolitian ,27
539,4.4,13.064181,80.236442,13.154181,80.326442,23-03-2022,22:15:00,22:25:00, Fog,Low ,Metropolitian ,35
540,4.8,13.066762,80.251865,13.116762,80.301865,26-03-2022,22:45:00,22:50:00, Windy,Low ,Metropolitian ,27
541,4.9,21.160437,72.774209,21.200437,72.814209,15-03-2022,12:10:00,12:25:00, Cloudy,High ,Urban ,27
542,4.7,19.091458,72.827808,19.111458,72.847808,19-03-2022,08:45:00,08:50:00, Fog,Low ,Metropolitian ,17
543,4.8,0,0,0.07,0.07,12-02-2022,22:35:00,22:50:00, Sandstorms,Low ,Urban ,17
544,4.7,23.416792,85.316842,23.476792,85.376842,24-03-2022,23:45:00,00:00:00, Sunny,Low ,Metropolitian ,15
545,4.7,30.362686,78.06889,30.492686,78.19889,12-02-2022,21:20:00,21:30:00, Fog,Jam ,Metropolitian ,39
546,4.6,22.725748,75.898497,22.755747,75.928497,15-03-2022,20:10:00,20:20:00, Stormy,Jam ,NaN ,25
547,5,17.410371,78.437225,17.520371,78.547225,04-04-2022,17:25:00,17:30:00, Sunny,Medium ,Metropolitian ,18
548,4.9,0,0,0.08,0.08,18-02-2022,17:50:00,18:00:00, Cloudy,Medium ,Urban ,48
549,4.7,18.56245,73.916619,18.65245,74.006619,10-03-2022,23:45:00,23:55:00, Fog,Low ,Metropolitian ,28
550,4.8,12.972161,77.596014,12.992161,77.616014,13-03-2022,10:00:00,10:05:00, Sandstorms,Low ,Metropolitian ,29
551,4.6,23.416792,85.316842,23.446792,85.346842,11-03-2022,18:35:00,18:50:00, Sandstorms,Medium ,Urban ,32
552,5,12.906229,77.596791,13.036229,77.726791,02-03-2022,23:10:00,23:15:00, Cloudy,Low ,Metropolitian ,41
553,4.9,9.979186,76.317361,10.049186,76.387361,18-02-2022,21:00:00,21:10:00, Cloudy,Jam ,Metropolitian ,39
554,4.8,13.049645,80.242268,13.079645,80.272268,07-03-2022,18:35:00,18:40:00, Fog,Medium ,Metropolitian ,16
555,4.8,17.411028,78.329645,17.541028,78.459645,10-03-2022,21:15:00,21:25:00, Fog,Jam ,Metropolitian ,48
556,4.7,12.933284,77.615428,13.003284,77.685428,06-04-2022,17:20:00,17:35:00, Cloudy,Medium ,Metropolitian ,40
557,4.6,11.000762,76.981876,11.020762,77.001876,03-03-2022,08:20:00,08:30:00, Stormy,Low ,Urban ,11
558,4.6,0,0,0.08,0.08,12-02-2022,22:00:00,22:10:00, Sunny,Jam ,Urban ,19
559,4.2,18.539299,73.897902,18.609299,73.967902,10-03-2022,21:00:00,21:05:00, Cloudy,Jam ,Urban ,35
560,4.6,11.022298,76.998349,11.042298,77.018349,07-03-2022,11:30:00,11:40:00, Sunny,High ,Metropolitian ,16
561,4.9,22.310329,73.169083,22.360329,73.219083,09-03-2022,17:25:00,17:40:00, Fog,Medium ,Urban ,15
562,4.4,12.949934,77.699386,12.999934,77.749386,05-03-2022,21:45:00,22:00:00, Stormy,Jam ,Urban ,31
563,4.7,11.022169,76.999594,11.082169,77.059594,17-03-2022,22:40:00,22:50:00, Fog,Low ,Urban ,11
564,4.7,19.875908,75.358888,19.925908,75.408888,17-02-2022,22:40:00,22:50:00, Cloudy,Low ,Urban ,22
565,4.7,10.006881,76.345397,10.076881,76.415397,14-02-2022,22:50:00,23:05:00, Stormy,Low ,NaN ,16
566,5,12.326356,76.619103,12.366356,76.659103,05-03-2022,15:00:00,15:05:00, Fog,High ,Metropolitian ,24
567,4.7,17.431477,78.40035,17.451477,78.42035,11-03-2022,10:25:00,10:40:00, Cloudy,Low ,Urban ,16
568,4.3,26.88842,75.800689,27.02842,75.940689,18-03-2022,19:35:00,19:45:00, Windy,Jam ,NaN ,42
569,4.9,0,0,0.01,0.01,11-02-2022,11:45:00,12:00:00, Cloudy,High ,Metropolitian ,31
570,4.7,11.003669,76.976494,11.073669,77.046494,14-03-2022,21:15:00,21:30:00, Fog,Jam ,Metropolitian ,31
571,4,0,0,0.02,0.02,30-03-2022,10:25:00,10:35:00, Windy,Low ,Metropolitian ,33
572,4.7,13.022394,80.242439,13.072394,80.292439,17-03-2022,23:35:00,23:40:00, Stormy,Low ,Metropolitian ,16
573,4.7,18.51421,73.838429,18.62421,73.948429,06-04-2022,23:20:00,23:30:00, Windy,Low ,Metropolitian ,16
574,4.7,12.352058,76.60665,12.462058,76.71665,25-03-2022,18:20:00,18:30:00, Sandstorms,Medium ,Metropolitian ,25
575,4.8,21.186884,72.793616,21.196884,72.803616,05-04-2022,08:45:00,08:50:00, Cloudy,Low ,Metropolitian ,18
576,4.8,22.307898,73.167788,22.417898,73.277788,14-03-2022,18:25:00,18:40:00, Windy,Medium ,Metropolitian ,26
577,5,19.875522,75.367127,19.925522,75.417127,15-02-2022,21:20:00,21:35:00, Sandstorms,Jam ,Metropolitian ,34
578,3.5,26.892312,75.806896,26.972313,75.886896,31-03-2022,17:35:00,17:40:00, Windy,Medium ,Metropolitian ,32
579,4.9,22.310237,73.158921,22.420237,73.268921,20-03-2022,19:30:00,19:35:00, Windy,Jam ,Metropolitian ,22
580,4.6,23.359033,85.325347,23.449033,85.415347,12-03-2022,21:15:00,21:25:00, Windy,Jam ,Urban ,50
581,4.6,22.552996,88.35231,22.572996,88.37231,17-02-2022,11:55:00,12:00:00, Stormy,High ,Urban ,16
582,4.6,22.538731,88.364878,22.598731,88.424878,15-02-2022,17:40:00,17:50:00, Stormy,Medium ,Metropolitian ,23
583,4.9,22.311603,73.165012,22.351603,73.205012,05-04-2022,14:40:00,14:45:00, Windy,High ,Metropolitian ,19
584,4.9,30.895204,75.822103,30.945204,75.872103,17-02-2022,22:40:00,22:55:00, Stormy,Low ,Metropolitian ,25
585,4.7,17.428294,78.404423,17.498294,78.474423,31-03-2022,18:50:00,18:55:00, Fog,Medium ,Metropolitian ,37
586,4.9,25.450329,81.834279,25.540329,81.924279,12-02-2022,22:15:00,22:20:00, Sandstorms,Low ,Metropolitian ,10
587,3.7,18.546947,73.900626,18.656947,74.010626,27-03-2022,21:30:00,21:40:00, Stormy,Jam ,Metropolitian ,34
588,4.5,26.956431,75.776649,27.066431,75.886649,08-03-2022,23:30:00,23:40:00, Stormy,Low ,Metropolitian ,14
589,5,13.026279,80.174568,13.086279,80.234568,28-03-2022,20:25:00,20:30:00, Cloudy,Jam ,NaN ,26
590,4.6,19.1813,72.836191,19.2413,72.896191,21-03-2022,20:10:00,20:20:00, Sandstorms,Jam ,Metropolitian ,30
591,4.8,30.340722,78.060221,30.430722,78.150221,16-02-2022,17:30:00,17:45:00, Sunny,Medium ,Metropolitian ,17
592,5,19.874733,75.353942,19.964733,75.443942,14-02-2022,18:00:00,18:15:00, Sandstorms,Medium ,Metropolitian ,29
593,4.5,26.911927,75.797282,27.001927,75.887282,31-03-2022,19:00:00,19:10:00, Fog,Medium ,Metropolitian ,37
594,4.8,13.058616,80.264151,13.188616,80.394151,16-03-2022,19:50:00,20:00:00, Sandstorms,Jam ,Metropolitian ,23
595,4.8,12.352058,76.60665,12.402058,76.65665,05-03-2022,21:50:00,22:00:00, Windy,Jam ,Metropolitian ,30
596,4.8,0,0,0.07,0.07,12-03-2022,20:40:00,20:55:00, Windy,Jam ,Metropolitian ,29
597,4.8,22.727021,75.884167,22.747021,75.904167,26-03-2022,09:50:00,10:00:00, Windy,Low ,Metropolitian ,14
598,4.8,22.651847,75.881991,22.681847,75.911991,24-03-2022,23:15:00,23:25:00, Stormy,Low ,Metropolitian ,28
599,4.9,25.45235,81.841889,25.48235,81.871889,11-02-2022,20:30:00,20:45:00, Sandstorms,Jam ,Metropolitian ,27
600,NaN ,12.906229,77.596791,12.966229,77.656791,01-03-2022,NaN ,22:45:00, NaN,NaN ,Metropolitian ,24
601,4.6,10.994136,76.963303,11.084136,77.053303,27-03-2022,23:20:00,23:25:00, Sandstorms,Low ,Metropolitian ,16
602,5,19.874733,75.353942,19.954733,75.433942,14-02-2022,19:35:00,19:40:00, Sandstorms,Jam ,Metropolitian ,43
603,4.7,22.311603,73.165012,22.401603,73.255012,04-03-2022,17:45:00,17:50:00, Fog,Medium ,Metropolitian ,44
604,4.6,17.411028,78.329645,17.441028,78.359645,30-03-2022,18:55:00,19:00:00, Stormy,Medium ,Metropolitian ,22
605,5,21.170798,72.790489,21.220798,72.840489,21-03-2022,22:35:00,22:45:00, Windy,Low ,Urban ,16
606,4.7,12.972532,77.608179,12.992532,77.628179,05-04-2022,08:30:00,08:35:00, Fog,Low ,Metropolitian ,18
607,4.1,23.359033,85.325347,23.379033,85.345347,11-03-2022,10:20:00,10:25:00, Stormy,Low ,Metropolitian ,16
608,NaN ,17.426228,78.407495,17.556228,78.537495,12-03-2022,NaN ,17:50:00, Windy,Medium ,Metropolitian ,24
609,4.2,21.173493,72.801953,21.243493,72.871953,06-04-2022,19:50:00,19:55:00, Cloudy,Jam ,Metropolitian ,46
610,4.8,0,0,0.08,0.08,06-04-2022,18:20:00,18:30:00, Sunny,Medium ,Metropolitian ,26
611,4.9,11.003669,76.976494,11.073669,77.046494,02-04-2022,17:25:00,17:30:00, Stormy,Medium ,Urban ,17
612,4.4,12.972161,77.596014,13.042161,77.666014,12-03-2022,20:25:00,20:30:00, Sandstorms,Jam ,Metropolitian ,44
613,4.6,21.149669,72.772629,21.179669,72.802629,28-03-2022,19:00:00,19:10:00, Fog,Medium ,Metropolitian ,17
614,4.9,26.892312,75.806896,26.972313,75.886896,14-03-2022,21:15:00,21:25:00, Windy,Jam ,Urban ,43
615,4.7,17.424114,78.347554,17.534114,78.457554,31-03-2022,22:50:00,23:05:00, Fog,Low ,Metropolitian ,41
616,4.2,0,0,0.07,0.07,16-03-2022,18:40:00,18:50:00, Windy,Medium ,Metropolitian ,34
617,3.8,21.170096,72.789122,21.250096,72.869122,18-03-2022,20:25:00,20:35:00, Windy,Jam ,Metropolitian ,40
618,4.7,22.760072,75.892574,22.780072,75.912574,05-03-2022,08:20:00,08:25:00, Windy,Low ,Urban ,16
619,NaN ,12.325461,76.632278,12.335461,76.642278,09-03-2022,NaN ,12:10:00, Cloudy,High ,Metropolitian ,23
620,4.9,21.157735,72.768778,21.167735,72.778778,13-03-2022,11:25:00,11:35:00, Stormy,High ,Urban ,13
621,4.6,11.000762,76.981876,11.030762,77.011876,21-03-2022,18:30:00,18:45:00, Stormy,Medium ,Metropolitian ,29
622,4.9,21.186884,72.793616,21.206884,72.813616,03-03-2022,11:10:00,11:20:00, Sandstorms,High ,Metropolitian ,24
623,4.5,21.157729,72.768726,21.187729,72.798726,30-03-2022,18:25:00,18:35:00, Cloudy,Medium ,Metropolitian ,16
624,4.1,13.086438,80.220672,13.136439,80.270672,24-03-2022,20:40:00,20:45:00, Stormy,Jam ,Metropolitian ,34
625,4.7,26.846156,75.8023,26.956156,75.9123,25-03-2022,19:40:00,19:55:00, Stormy,Jam ,Metropolitian ,20
626,5,21.157729,72.768726,21.197729,72.808726,30-03-2022,14:50:00,15:05:00, Fog,High ,Metropolitian ,28
627,4.8,12.939496,77.625999,13.069496,77.755999,29-03-2022,17:45:00,18:00:00, Fog,Medium ,Metropolitian ,30
628,4.7,11.008638,76.984311,11.098638,77.074311,06-04-2022,22:20:00,22:35:00, Stormy,Low ,Metropolitian ,14
629,4.6,11.022477,76.995667,11.062477,77.035667,21-03-2022,14:25:00,14:30:00, Windy,High ,Urban ,30
630,4.3,27.160934,78.044095,27.180934,78.064095,11-02-2022,09:30:00,09:45:00, Windy,Low ,Metropolitian ,25
631,4.8,22.725748,75.898497,22.805747,75.978497,18-03-2022,23:35:00,23:45:00, Sunny,Low ,Metropolitian ,28
632,5,19.131141,72.813074,19.19114,72.873074,15-03-2022,23:15:00,23:20:00, Sunny,Low ,Metropolitian ,17
633,4.3,12.323225,76.630028,12.453225,76.760028,20-03-2022,19:45:00,20:00:00, Windy,Jam ,Urban ,33
634,4.9,18.51421,73.838429,18.60421,73.928429,18-03-2022,17:15:00,17:30:00, Sandstorms,Medium ,Metropolitian ,36
635,NaN ,-12.325461,-76.632278,12.385461,76.692278,03-03-2022,NaN ,22:45:00, NaN,NaN ,Metropolitian ,16
636,4.1,0,0,0.09,0.09,16-02-2022,20:15:00,20:25:00, Sandstorms,Jam ,Metropolitian ,38
637,4.7,22.31279,73.170283,22.37279,73.230283,11-03-2022,21:10:00,21:20:00, Cloudy,Jam ,Metropolitian ,25
638,5,26.905287,75.794592,27.015287,75.904592,06-04-2022,19:55:00,20:00:00, Fog,Jam ,Metropolitian ,40
639,3.5,12.975377,77.696664,13.055377,77.776664,16-03-2022,22:15:00,22:20:00, Cloudy,Low ,Urban ,32
640,4,17.422819,78.449578,17.502819,78.529578,06-04-2022,21:25:00,21:40:00, Cloudy,Jam ,Metropolitian ,42
641,4.9,17.45971,78.368855,17.50971,78.418855,05-03-2022,23:50:00,23:55:00, Sunny,Low ,Urban ,27
642,4.9,22.526461,88.364453,22.616461,88.454453,18-02-2022,21:25:00,21:35:00, Sandstorms,Jam ,Metropolitian ,25
643,4.9,18.533811,73.899315,18.583811,73.949315,17-03-2022,23:45:00,00:00:00, Sandstorms,Low ,Metropolitian ,24
644,4.5,12.906229,77.596791,13.036229,77.726791,18-03-2022,20:55:00,21:00:00, Cloudy,Jam ,Urban ,30
645,4.5,27.163303,78.057044,27.293303,78.187044,18-02-2022,22:45:00,22:50:00, Windy,Low ,Metropolitian ,22
646,4.9,22.695207,75.866059,22.715207,75.886059,01-04-2022,12:00:00,12:15:00, Windy,High ,Metropolitian ,31
647,4.8,11.026117,76.944652,11.106117,77.024652,02-03-2022,22:25:00,22:30:00, Stormy,Low ,Metropolitian ,16
648,4.9,26.910262,75.783013,26.940262,75.813013,26-03-2022,20:20:00,20:25:00, Sunny,Jam ,Metropolitian ,25
649,4.9,0,0,0.02,0.02,07-03-2022,11:00:00,11:10:00, Cloudy,Low ,Metropolitian ,16
650,4.1,17.440827,78.393391,17.500827,78.453391,30-03-2022,20:55:00,21:00:00, Fog,Jam ,Metropolitian ,32
651,4.7,22.727021,75.884167,22.777021,75.934167,01-04-2022,18:20:00,18:30:00, Sunny,Medium ,Metropolitian ,20
652,4.9,0,0,0.02,0.02,03-04-2022,08:10:00,08:20:00, Stormy,Low ,Urban ,11
653,4.1,18.569156,73.774723,18.629156,73.834723,11-03-2022,23:00:00,23:15:00, Sandstorms,Low ,Urban ,21
654,4.5,0,0,0.08,0.08,06-04-2022,19:35:00,19:40:00, Cloudy,Jam ,Urban ,44
655,4.9,19.875522,75.367127,19.925522,75.417127,11-02-2022,23:15:00,23:30:00, Fog,Low ,Metropolitian ,19
656,4.7,18.593481,73.785901,18.623481,73.815901,28-03-2022,19:10:00,19:15:00, Stormy,Jam ,Metropolitian ,11
657,4.6,11.003008,76.97544,11.073009,77.04544,06-04-2022,23:20:00,23:30:00, Windy,Low ,Urban ,23
658,4.7,26.914142,75.805704,27.024142,75.915704,12-03-2022,22:35:00,22:40:00, Stormy,Low ,Metropolitian ,12
659,4.1,19.103249,72.846749,19.233249,72.976749,29-03-2022,20:35:00,20:50:00, Cloudy,Jam ,Metropolitian ,39
660,4.5,12.939496,77.625999,12.979496,77.665999,15-03-2022,14:25:00,14:30:00, Windy,High ,Urban ,16
661,4.8,19.055831,72.833984,19.085831,72.863984,19-03-2022,22:30:00,22:35:00, Cloudy,Low ,Urban ,17
662,4.7,23.416792,85.316842,23.506792,85.406842,14-03-2022,18:30:00,18:40:00, Windy,Medium ,Urban ,24
663,4.3,12.934365,77.616155,12.974365,77.656155,30-03-2022,12:25:00,12:40:00, Cloudy,High ,Urban ,33
664,4.8,12.906229,77.596791,13.016229,77.706791,29-03-2022,18:55:00,19:10:00, Sandstorms,Medium ,Urban ,29
665,4.8,30.359722,78.067079,30.499722,78.207079,18-02-2022,17:40:00,17:55:00, Fog,Medium ,Metropolitian ,42
666,4.7,26.956431,75.776649,27.006431,75.826649,09-03-2022,22:30:00,22:35:00, Windy,Low ,Metropolitian ,28
667,4.8,12.334022,76.618203,12.364022,76.648203,09-03-2022,20:20:00,20:30:00, Fog,Jam ,Metropolitian ,25
668,4.6,23.214294,77.435361,23.264294,77.485361,11-02-2022,18:20:00,18:25:00, Sunny,Medium ,Metropolitian ,16
669,5,12.914264,77.6784,13.024264,77.7884,23-03-2022,23:55:00,00:05:00, Sandstorms,Low ,Urban ,11
670,4.7,26.956431,75.776649,27.006431,75.826649,30-03-2022,18:00:00,18:15:00, Cloudy,Medium ,Urban ,34
671,4.7,12.326356,76.619103,12.436356,76.729103,04-03-2022,18:50:00,19:05:00, Cloudy,Medium ,Metropolitian ,35
672,4.7,22.725835,75.887648,22.765835,75.927648,01-03-2022,16:10:00,16:15:00, Stormy,Medium ,Metropolitian ,25
673,4.9,23.359194,85.325447,23.489194,85.455447,25-03-2022,20:30:00,20:35:00, Sunny,Jam ,Metropolitian ,15
674,4.8,11.006686,76.951736,11.076686,77.021736,02-03-2022,20:25:00,20:30:00, Cloudy,Jam ,Metropolitian ,49
675,4.3,12.934179,77.615797,13.044179,77.725797,29-03-2022,18:15:00,18:25:00, Sandstorms,Medium ,Metropolitian ,35
676,2.5,21.173493,72.801953,21.283493,72.911953,20-03-2022,23:50:00,00:05:00, Sunny,Low ,Metropolitian ,34
677,3.6,12.311072,76.654878,12.441072,76.784878,06-04-2022,20:25:00,20:30:00, Stormy,Jam ,Urban ,39
678,4.8,13.029198,77.570997,13.039198,77.580997,21-03-2022,09:45:00,10:00:00, Fog,Low ,Metropolitian ,26
679,4.6,12.334022,76.618203,12.414022,76.698203,04-04-2022,19:25:00,19:40:00, Sunny,Jam ,Metropolitian ,11
680,3.9,12.323225,76.630028,12.403225,76.710028,10-03-2022,22:20:00,22:30:00, Cloudy,Low ,Metropolitian ,33
681,4.8,23.371292,85.327872,23.501292,85.457872,18-03-2022,21:35:00,21:40:00, Cloudy,Jam ,Metropolitian ,47
682,5,26.766536,75.837333,26.846536,75.917333,10-03-2022,23:10:00,23:20:00, Cloudy,Low ,Metropolitian ,25
683,3.9,17.41233,78.449654,17.50233,78.539654,29-03-2022,23:10:00,23:15:00, Fog,Low ,Metropolitian ,37
684,NaN ,-12.316967,76.603067,12.326967,76.613067,15-03-2022,NaN ,12:00:00, Cloudy,High ,Urban ,29
685,4.9,13.086438,80.220672,13.166438,80.300672,02-03-2022,18:40:00,18:50:00, Windy,Medium ,Metropolitian ,15
686,4.9,21.149834,72.778666,21.159834,72.788666,21-03-2022,08:55:00,09:00:00, Windy,Low ,Metropolitian ,20
687,4.7,12.970221,77.645396,13.100221,77.775396,23-03-2022,19:35:00,19:45:00, Sandstorms,Jam ,Metropolitian ,29
688,4.6,22.753659,75.903365,22.773659,75.923365,28-03-2022,11:50:00,12:05:00, Fog,High ,Urban ,30
689,5,11.003669,76.976494,11.063669,77.036494,01-03-2022,22:45:00,22:55:00, Fog,Low ,Urban ,16
690,4.5,18.636215,73.751081,18.646215,73.761081,03-03-2022,08:20:00,08:30:00, Cloudy,Low ,Urban ,24
691,4.3,12.933298,77.614293,13.043298,77.724293,02-03-2022,19:25:00,19:40:00, Sunny,Jam ,Metropolitian ,31
692,5,19.120083,72.907385,19.160083,72.947385,03-04-2022,13:40:00,13:55:00, Sunny,High ,Urban ,12
693,4,0,0,0.06,0.06,21-03-2022,17:50:00,18:05:00, Sandstorms,Medium ,Metropolitian ,34
694,4.7,22.311603,73.165012,22.391603,73.245012,27-03-2022,18:40:00,18:45:00, Sunny,Medium ,Metropolitian ,29
695,4.6,17.431477,78.40035,17.501477,78.47035,02-04-2022,19:30:00,19:35:00, Sunny,Jam ,Metropolitian ,13
696,4.8,12.979166,77.640709,12.999166,77.660709,15-03-2022,10:35:00,10:45:00, Fog,Low ,Urban ,11
697,NaN ,23.416792,85.316842,23.526792,85.426842,27-03-2022,NaN ,20:25:00, NaN,NaN ,Metropolitian ,29
698,4.7,12.933298,77.614293,13.063298,77.744293,20-03-2022,17:50:00,17:55:00, Sandstorms,Medium ,Urban ,23
699,4.5,22.722634,75.886959,22.732634,75.896959,28-03-2022,08:15:00,08:20:00, Windy,Low ,Metropolitian ,24
700,4.8,11.025083,77.015393,11.105083,77.095393,27-03-2022,17:10:00,17:20:00, Sunny,Medium ,Urban ,26
701,4.3,26.849596,75.800512,26.919596,75.870512,18-03-2022,19:50:00,20:00:00, Stormy,Jam ,Metropolitian ,36
702,4.9,22.31279,73.170283,22.34279,73.200283,19-03-2022,20:30:00,20:45:00, Sandstorms,Jam ,Metropolitian ,31
703,4.1,12.310972,76.659264,12.420972,76.769264,02-03-2022,17:20:00,17:35:00, Sandstorms,Medium ,Metropolitian ,46
704,4.8,0,0,0.06,0.06,11-02-2022,18:40:00,18:50:00, Sunny,Medium ,Metropolitian ,18
705,3.5,18.516216,73.842527,18.586216,73.912527,25-03-2022,23:40:00,23:50:00, Sunny,Low ,Metropolitian ,33
706,NaN ,22.751234,75.88949,22.761234,75.89949,05-03-2022,NaN ,11:05:00, Windy,Low ,Metropolitian ,27
707,4.9,12.970221,77.645396,13.020221,77.695396,07-03-2022,17:20:00,17:25:00, Stormy,Medium ,Metropolitian ,24
708,3.6,23.371292,85.327872,23.441292,85.397872,04-04-2022,22:20:00,22:35:00, Fog,Low ,Urban ,34
709,4.8,23.234249,77.434007,23.294249,77.494007,11-02-2022,00:00:00,00:10:00, Fog,Low ,Urban ,17
710,5,19.131141,72.813074,19.19114,72.873074,19-03-2022,22:55:00,23:00:00, Fog,Low ,Metropolitian ,28
711,NaN ,0,0,0.01,0.01,01-03-2022,NaN ,10:45:00, NaN,NaN ,Metropolitian ,27
712,5,25.457116,81.859682,25.487116,81.889682,17-02-2022,22:10:00,22:25:00, Cloudy,Low ,Metropolitian ,10
713,4.4,13.029198,77.570997,13.139198,77.680997,16-03-2022,17:55:00,18:05:00, Cloudy,Medium ,Urban ,31
714,4.6,11.022298,76.998349,11.052298,77.028349,01-04-2022,19:30:00,19:45:00, Stormy,Jam ,Metropolitian ,32
715,4.1,30.89286,75.822199,31.03286,75.962199,14-02-2022,20:45:00,20:50:00, Fog,Jam ,NaN ,41
716,4.3,26.913483,75.803139,27.003483,75.893139,08-03-2022,18:30:00,18:35:00, Cloudy,Medium ,Metropolitian ,37
717,5,12.98041,77.640489,12.99041,77.650489,17-03-2022,12:00:00,12:10:00, Cloudy,High ,Urban ,32
718,4.7,0,0,0.08,0.08,14-02-2022,17:25:00,17:35:00, Sandstorms,Medium ,Urban ,24
719,NaN ,13.054347,80.257221,13.084347,80.287221,05-04-2022,20:25:00,20:30:00, Cloudy,Jam ,Metropolitian ,24
720,NaN ,19.120083,72.907385,19.170083,72.957385,11-03-2022,NaN ,18:35:00, Fog,Medium ,Metropolitian ,17
721,4.2,13.044694,80.26147,13.064694,80.28147,30-03-2022,11:45:00,11:55:00, Cloudy,High ,Metropolitian ,39
722,4.9,11.022477,76.995667,11.102477,77.075667,04-04-2022,17:25:00,17:30:00, Stormy,Medium ,Metropolitian ,26
723,4.5,12.323978,76.627961,12.353978,76.657961,03-04-2022,20:40:00,20:45:00, Sandstorms,Jam ,Metropolitian ,28
724,4.2,17.41233,78.449654,17.44233,78.479654,19-03-2022,22:15:00,22:30:00, Windy,Low ,Metropolitian ,30
725,4.8,26.913987,75.752891,26.943987,75.782891,13-03-2022,23:10:00,23:20:00, Cloudy,Low ,Urban ,20
726,4.9,18.55144,73.804855,18.62144,73.874855,20-03-2022,19:40:00,19:55:00, Fog,Jam ,Metropolitian ,45
727,4.4,21.186438,72.794115,21.296438,72.904115,02-04-2022,22:10:00,22:25:00, Fog,Low ,Metropolitian ,35
728,5,22.308096,73.167753,22.378096,73.237753,27-03-2022,21:00:00,21:15:00, Windy,Jam ,Metropolitian ,43
729,4.8,18.539299,73.897902,18.609299,73.967902,23-03-2022,22:35:00,22:45:00, Stormy,Low ,Urban ,13
730,4.2,12.979096,77.640625,13.109096,77.770625,20-03-2022,18:30:00,18:45:00, Cloudy,Medium ,Metropolitian ,35
731,4.9,22.744648,75.894377,22.824648,75.974377,16-03-2022,19:25:00,19:35:00, Sunny,Jam ,Metropolitian ,25
732,4.9,0,0,0.11,0.11,14-02-2022,22:35:00,22:40:00, Stormy,Low ,Urban ,21
733,5,23.39925,85.390464,23.47925,85.470464,12-03-2022,22:35:00,22:40:00, Sandstorms,Low ,Urban ,11
734,4.8,21.175975,72.795503,21.305975,72.925503,06-03-2022,19:00:00,19:05:00, Fog,Medium ,Metropolitian ,37
735,4.8,19.874103,75.368419,19.904103,75.398419,13-02-2022,17:10:00,17:20:00, Windy,Medium ,Metropolitian ,29
736,4.5,22.577821,88.400581,22.657821,88.480581,14-02-2022,23:15:00,23:30:00, Sandstorms,Low ,Metropolitian ,20
737,5,26.911378,75.789034,26.981378,75.859034,18-03-2022,19:00:00,19:15:00, Sunny,Medium ,Metropolitian ,22
738,4.7,12.310972,76.659264,12.380972,76.729264,08-03-2022,20:50:00,21:00:00, Cloudy,Jam ,Metropolitian ,31
739,4.7,12.337978,76.616792,12.447978,76.726792,04-04-2022,23:35:00,23:45:00, Fog,Low ,Metropolitian ,25
740,4.8,23.354422,85.3329,23.424422,85.4029,06-03-2022,21:55:00,22:05:00, Sunny,Jam ,Metropolitian ,22
741,4.5,26.911927,75.797282,26.981927,75.867282,31-03-2022,18:50:00,18:55:00, Sunny,Medium ,Urban ,16
742,3.9,30.890184,75.829615,30.950184,75.889615,11-02-2022,20:40:00,20:45:00, Sunny,Jam ,Metropolitian ,54
743,4.9,26.892312,75.806896,27.022313,75.936896,18-03-2022,21:45:00,22:00:00, Stormy,Jam ,Metropolitian ,22
744,4.6,0,0,0.01,0.01,13-02-2022,10:00:00,10:15:00, Sandstorms,Low ,Metropolitian ,26
745,4.8,18.520016,73.830547,18.530016,73.840547,09-03-2022,12:00:00,12:15:00, Sandstorms,High ,Metropolitian ,10
746,4.8,10.994136,76.963303,11.084136,77.053303,04-04-2022,20:25:00,20:40:00, Cloudy,Jam ,Metropolitian ,43
747,4.7,22.75004,75.902847,22.78004,75.932847,05-04-2022,19:50:00,20:05:00, Sunny,Jam ,Urban ,19
748,4.7,22.514119,88.362504,22.594119,88.442504,18-02-2022,22:30:00,22:45:00, Sunny,Low ,Urban ,28
749,4,22.725748,75.898497,22.735747,75.908497,03-03-2022,10:55:00,11:00:00, Stormy,Low ,Metropolitian ,31
750,4.7,23.214294,77.435361,23.244294,77.465361,11-02-2022,17:45:00,18:00:00, Sunny,Medium ,Metropolitian ,19
751,5,22.311844,73.165081,22.341844,73.195081,19-03-2022,20:40:00,20:55:00, Sandstorms,Jam ,Urban ,20
752,4.8,26.846156,75.8023,26.896156,75.8523,26-03-2022,20:25:00,20:40:00, Sandstorms,Jam ,Metropolitian ,14
753,4.7,26.911378,75.789034,27.051378,75.929034,14-03-2022,21:00:00,21:10:00, Fog,Jam ,Metropolitian ,42
754,5,22.728163,75.884212,22.818163,75.974212,23-03-2022,17:40:00,17:55:00, Sunny,Medium ,Metropolitian ,25
755,4.8,11.003669,76.976494,11.113669,77.086494,12-03-2022,21:15:00,21:25:00, Sunny,Jam ,Metropolitian ,16
756,4.8,18.994049,72.825203,19.054049,72.885203,24-03-2022,17:20:00,17:35:00, Fog,Medium ,Metropolitian ,22
757,NaN ,21.17106,72.789292,21.23106,72.849292,09-03-2022,NaN ,18:30:00, Fog,Medium ,Metropolitian ,21
758,4.4,18.563934,73.915367,18.693935,74.045367,04-03-2022,22:20:00,22:25:00, Cloudy,Low ,Metropolitian ,37
759,4.8,12.326356,76.619103,12.366356,76.659103,21-03-2022,17:00:00,17:05:00, Sunny,Medium ,Metropolitian ,17
760,4.6,30.359722,78.067079,30.469722,78.177079,12-02-2022,21:30:00,21:45:00, Sunny,Jam ,Urban ,15
761,4.7,21.160522,72.771477,21.170522,72.781477,01-04-2022,10:00:00,10:10:00, Sunny,Low ,Metropolitian ,12
762,3.8,21.186884,72.793616,21.296884,72.903616,18-03-2022,22:15:00,22:30:00, Cloudy,Low ,Metropolitian ,39
763,4.8,13.058616,80.264151,13.148616,80.354151,08-03-2022,22:40:00,22:45:00, Sunny,Low ,Metropolitian ,28
764,4.6,0,0,0.01,0.01,05-03-2022,08:20:00,08:35:00, Cloudy,Low ,Metropolitian ,16
765,3.5,22.308096,73.167753,22.338096,73.197753,28-03-2022,21:55:00,22:10:00, Sunny,Jam ,Semi-Urban ,50
766,4.2,11.025083,77.015393,11.105083,77.095393,02-03-2022,19:20:00,19:30:00, Cloudy,Jam ,Metropolitian ,49
767,NaN ,21.160437,72.774209,21.170437,72.784209,30-03-2022,NaN ,10:50:00, Cloudy,Low ,Urban ,14
768,4.4,0,0,0.03,0.03,19-03-2022,20:45:00,20:50:00, Sunny,Jam ,Metropolitian ,49
769,4,25.457687,81.835585,25.567687,81.945585,16-02-2022,21:35:00,21:50:00, Fog,Jam ,Metropolitian ,35
770,4.8,11.006686,76.951736,11.016686,76.961736,03-03-2022,09:35:00,09:50:00, Windy,Low ,Metropolitian ,18
771,5,22.732225,75.874765,22.782225,75.924765,09-03-2022,20:35:00,20:40:00, Sunny,Jam ,Urban ,11
772,4.8,11.026117,76.944652,11.096117,77.014652,31-03-2022,20:35:00,20:45:00, Cloudy,Jam ,Urban ,33
773,4.3,0,0,0.01,0.01,07-03-2022,09:30:00,09:35:00, Stormy,Low ,Metropolitian ,28
774,4.9,18.520016,73.830547,18.540016,73.850547,09-03-2022,08:35:00,08:50:00, Fog,Low ,Metropolitian ,16
775,4.6,23.369746,85.33982,23.429746,85.39982,19-03-2022,20:10:00,20:25:00, Cloudy,Jam ,Metropolitian ,29
776,4.7,22.761593,75.886362,22.771593,75.896362,19-03-2022,11:15:00,11:30:00, Fog,High ,Metropolitian ,26
777,4.8,22.310237,73.158921,22.350237,73.198921,30-03-2022,16:15:00,16:25:00, Stormy,Medium ,Urban ,14
778,5,21.170798,72.790489,21.250798,72.870489,02-03-2022,20:35:00,20:50:00, Windy,Jam ,Metropolitian ,36
779,4.6,30.914057,75.83982,30.944057,75.86982,17-02-2022,23:00:00,23:10:00, Windy,Low ,Metropolitian ,24
780,4.7,23.374878,85.335739,23.394878,85.355739,03-03-2022,08:20:00,08:30:00, Sandstorms,Low ,Metropolitian ,11
781,4.8,26.902328,75.794257,26.922328,75.814257,11-03-2022,09:15:00,09:30:00, Stormy,Low ,Metropolitian ,27
782,4.8,18.546258,73.904337,18.676258,74.034337,06-04-2022,19:55:00,20:05:00, Windy,Jam ,Metropolitian ,26
783,4.9,23.233219,77.433571,23.293219,77.493571,17-02-2022,18:15:00,18:30:00, Sunny,Medium ,Metropolitian ,17
784,4.8,18.536562,73.896485,18.576562,73.936485,05-03-2022,16:35:00,16:50:00, Fog,Medium ,Metropolitian ,14
785,4.6,19.091458,72.827808,19.171458,72.907808,27-03-2022,22:50:00,23:00:00, Cloudy,Low ,Metropolitian ,30
786,4.9,26.911927,75.797282,26.961927,75.847282,28-03-2022,23:40:00,23:45:00, Sandstorms,Low ,NaN ,21
787,4.9,13.044694,80.26147,13.114694,80.33147,06-04-2022,21:15:00,21:30:00, Stormy,Jam ,Metropolitian ,35
788,4.9,12.981615,80.231598,13.041615,80.291598,01-03-2022,23:40:00,23:55:00, Fog,Low ,Metropolitian ,29
789,4.8,12.972532,77.608179,13.062532,77.698179,16-03-2022,17:10:00,17:15:00, Windy,Medium ,Metropolitian ,21
790,4.7,0,0,0.02,0.02,11-02-2022,10:40:00,10:45:00, Windy,Low ,Metropolitian ,16
791,5,19.176269,72.836721,19.196269,72.856721,03-03-2022,09:10:00,09:15:00, Sandstorms,Low ,NaN ,24
792,4.6,23.184992,77.417227,23.294992,77.527227,14-02-2022,18:25:00,18:40:00, Sunny,Medium ,Metropolitian ,18
793,4.5,26.49095,80.318656,26.55095,80.378656,11-02-2022,22:35:00,22:40:00, Stormy,Low ,Metropolitian ,24
794,4.8,26.892312,75.806896,26.922313,75.836896,01-03-2022,18:35:00,18:45:00, Fog,Medium ,Urban ,21
795,4.4,23.359407,85.325055,23.409407,85.375055,26-03-2022,18:30:00,18:35:00, Sandstorms,Medium ,Urban ,32
796,4.8,22.538731,88.364878,22.548731,88.374878,17-02-2022,11:00:00,11:05:00, Sandstorms,Low ,Metropolitian ,14
797,4.8,18.55144,73.804855,18.56144,73.814855,19-03-2022,10:55:00,11:10:00, Sunny,Low ,Urban ,19
798,4.9,26.911927,75.797282,27.041927,75.927282,06-04-2022,17:45:00,17:55:00, Sandstorms,Medium ,Urban ,27
799,4.5,18.636215,73.751081,18.676215,73.791081,24-03-2022,13:20:00,13:35:00, Sandstorms,High ,Metropolitian ,21
800,5,21.149834,72.778666,21.219834,72.848666,06-03-2022,23:30:00,23:35:00, Windy,Low ,Metropolitian ,13
801,5,23.39925,85.390464,23.40925,85.400464,07-03-2022,10:20:00,10:35:00, Sunny,Low ,Metropolitian ,21
802,4.8,23.357804,85.325146,23.377804,85.345146,30-03-2022,09:00:00,09:15:00, Stormy,Low ,Urban ,27
803,4.8,22.551084,88.354127,22.561084,88.364127,17-02-2022,10:20:00,10:25:00, Sandstorms,Low ,Metropolitian ,28
804,5,11.021278,76.995017,11.111278,77.085017,12-03-2022,17:20:00,17:35:00, Fog,Medium ,Urban ,34
805,4.5,30.899992,75.831338,30.969992,75.901338,12-02-2022,22:10:00,22:20:00, Windy,Low ,Metropolitian ,18
806,4.5,17.431477,78.40035,17.521477,78.49035,02-03-2022,00:00:00,00:05:00, Fog,Low ,Metropolitian ,37
807,4.9,12.933284,77.615428,12.983284,77.665428,09-03-2022,17:45:00,17:55:00, Windy,Medium ,Metropolitian ,13
808,4.8,18.994237,72.825553,19.004237,72.835553,03-04-2022,08:55:00,09:00:00, Fog,Low ,Metropolitian ,18
809,4.9,17.428294,78.404423,17.488294,78.464423,01-03-2022,18:40:00,18:55:00, Sandstorms,Medium ,Metropolitian ,31
810,4.7,0,0,0.09,0.09,12-02-2022,18:15:00,18:30:00, Sandstorms,Medium ,Metropolitian ,24
811,4.8,12.337978,76.616792,12.467978,76.746792,29-03-2022,19:55:00,20:10:00, Fog,Jam ,Metropolitian ,42
812,4.8,22.526461,88.364453,22.586461,88.424453,17-02-2022,22:20:00,22:30:00, Sunny,Low ,Urban ,21
813,4.9,17.411028,78.329645,17.541028,78.459645,29-03-2022,20:55:00,21:00:00, Sandstorms,Jam ,Metropolitian ,32
814,4.9,22.722634,75.886959,22.792634,75.956959,08-03-2022,20:00:00,20:15:00, Sandstorms,Jam ,Metropolitian ,17
815,4.6,12.981615,80.231598,13.021615,80.271598,05-04-2022,15:50:00,15:55:00, Cloudy,Medium ,Metropolitian ,22
816,5,12.949934,77.699386,13.019934,77.769386,12-03-2022,21:55:00,22:05:00, Windy,Jam ,Metropolitian ,27
817,4.2,11.024839,77.007003,11.104839,77.087003,06-04-2022,22:00:00,22:15:00, Stormy,Jam ,Urban ,37
818,4.9,13.044694,80.26147,13.104694,80.32147,15-03-2022,18:35:00,18:40:00, Sunny,Medium ,Urban ,24
819,4.9,0,0,0.08,0.08,18-02-2022,21:55:00,22:00:00, Fog,Jam ,Metropolitian ,47
820,4.8,23.351058,85.325731,23.411058,85.385731,24-03-2022,23:10:00,23:15:00, Sunny,Low ,Metropolitian ,17
821,4.8,19.221315,72.862381,19.281315,72.922381,01-03-2022,20:25:00,20:35:00, Cloudy,Jam ,Metropolitian ,27
822,5,0,0,0.05,0.05,11-02-2022,23:55:00,00:10:00, Cloudy,Low ,Metropolitian ,16
823,4.4,17.455894,78.375467,17.525894,78.445467,25-03-2022,19:35:00,19:40:00, Stormy,Jam ,Metropolitian ,53
824,4.2,17.483216,78.552111,17.503216,78.572111,15-03-2022,10:00:00,10:15:00, Sandstorms,Low ,Metropolitian ,16
825,4.7,11.022477,76.995667,11.132477,77.105667,04-04-2022,21:35:00,21:50:00, Windy,Jam ,NaN ,22
826,4.9,18.636215,73.751081,18.706215,73.821081,10-03-2022,18:25:00,18:30:00, Cloudy,Medium ,Metropolitian ,36
827,4.8,23.359407,85.325055,23.439407,85.405055,06-04-2022,20:50:00,21:00:00, Sunny,Jam ,Metropolitian ,15
828,NaN ,10.96185,76.971082,11.02185,77.031082,19-03-2022,NaN ,00:05:00, NaN,NaN ,Metropolitian ,17
829,4.7,12.934179,77.615797,12.974179,77.655797,28-03-2022,12:45:00,13:00:00, Fog,High ,Urban ,26
830,4.9,10.96185,76.971082,11.04185,77.051082,31-03-2022,22:15:00,22:20:00, Windy,Low ,Metropolitian ,15
831,4.1,11.022169,76.999594,11.082169,77.059594,24-03-2022,22:10:00,22:20:00, Windy,Low ,Metropolitian ,28
832,4.6,22.751857,75.866699,22.831857,75.946699,23-03-2022,21:10:00,21:15:00, Sunny,Jam ,Urban ,30
833,4.7,12.981615,80.231598,13.061615,80.311598,10-03-2022,22:50:00,23:00:00, Fog,Low ,Metropolitian ,20
834,4.1,19.876219,75.346017,19.896219,75.366017,17-02-2022,10:15:00,10:25:00, Stormy,Low ,Metropolitian ,32
835,4.8,12.304569,76.643622,12.344569,76.683622,26-03-2022,14:40:00,14:45:00, Stormy,High ,Metropolitian ,26
836,4.8,0,0,0.11,0.11,12-02-2022,23:30:00,23:40:00, Stormy,Low ,Metropolitian ,22
837,5,26.891191,75.802083,27.001191,75.912083,02-03-2022,21:00:00,21:10:00, Cloudy,Jam ,Metropolitian ,44
838,4.5,12.914264,77.6784,13.044264,77.8084,31-03-2022,18:45:00,18:50:00, Windy,Medium ,Urban ,26
839,4.7,0,0,0.11,0.11,25-03-2022,17:25:00,17:35:00, Sunny,Medium ,Metropolitian ,14
840,4.8,11.003008,76.97544,11.043008,77.01544,28-03-2022,15:20:00,15:35:00, Fog,Medium ,Metropolitian ,26
841,5,19.880256,75.323503,19.930256,75.373503,15-02-2022,23:15:00,23:25:00, Cloudy,Low ,Urban ,19
842,4.9,17.430448,78.418213,17.450448,78.438213,09-03-2022,10:50:00,10:55:00, Sunny,Low ,Metropolitian ,25
843,4.3,23.359194,85.325447,23.389194,85.355447,03-04-2022,17:25:00,17:30:00, Windy,Medium ,Metropolitian ,36
844,4.8,22.311358,73.164798,22.331358,73.184798,05-04-2022,08:50:00,09:05:00, Windy,Low ,Metropolitian ,29
845,4.9,17.429585,78.392621,17.489585,78.452621,11-03-2022,19:45:00,19:50:00, Sunny,Jam ,Metropolitian ,24
846,4.8,22.311603,73.165012,22.341603,73.195012,19-03-2022,19:55:00,20:00:00, Fog,Jam ,Metropolitian ,29
847,4.7,21.173343,72.792731,21.233343,72.852731,09-03-2022,23:30:00,23:35:00, Windy,Low ,Metropolitian ,10
848,4.8,13.086438,80.220672,13.106438,80.240672,03-04-2022,08:25:00,08:35:00, Sunny,Low ,Metropolitian ,18
849,NaN ,13.027018,80.254791,13.107018,80.334791,18-03-2022,NaN ,22:35:00, Windy,Low ,Metropolitian ,17
850,4.8,21.157735,72.768778,21.237735,72.848778,08-03-2022,23:25:00,23:30:00, Stormy,Low ,Metropolitian ,16
851,4.7,17.450851,78.379347,17.480851,78.409347,13-03-2022,23:45:00,00:00:00, Sunny,Low ,Urban ,10
852,4.7,13.045479,80.23311,13.095479,80.28311,24-03-2022,18:45:00,18:50:00, Sunny,Medium ,Metropolitian ,22
853,4.4,12.334022,76.618203,12.424022,76.708203,14-03-2022,22:00:00,22:05:00, Stormy,Jam ,Urban ,39
854,4.8,12.934365,77.616155,12.984365,77.666155,01-04-2022,22:30:00,22:45:00, Sunny,Low ,Metropolitian ,22
855,4.7,30.893234,75.82172,30.953234,75.88172,11-02-2022,23:35:00,23:40:00, Stormy,Low ,Urban ,18
856,5,22.310329,73.169083,22.320329,73.179083,03-03-2022,08:20:00,08:35:00, Sandstorms,Low ,Metropolitian ,25
857,4.7,15.561295,73.749478,15.581295,73.769478,17-02-2022,08:35:00,08:40:00, Fog,Low ,Metropolitian ,20
858,4.7,30.319528,78.040267,30.339528,78.060267,11-02-2022,09:45:00,09:55:00, Fog,Low ,Metropolitian ,24
859,4.9,22.761593,75.886362,22.841593,75.966362,02-03-2022,18:50:00,18:55:00, Sunny,Medium ,Metropolitian ,19
860,4.1,12.299524,76.64262,12.339524,76.68262,21-03-2022,16:20:00,16:25:00, Sandstorms,Medium ,Metropolitian ,33
861,4.9,26.921411,75.793604,26.961411,75.833604,03-03-2022,14:30:00,14:35:00, Sandstorms,High ,Metropolitian ,25
862,4.9,27.195928,77.998092,27.325928,78.128092,12-02-2022,17:30:00,17:40:00, Fog,Medium ,Urban ,36
863,NaN ,-23.359194,-85.325447,23.449194,85.415447,08-03-2022,NaN ,23:50:00, NaN,NaN ,Metropolitian ,15
864,4.9,0,0,0.03,0.03,05-03-2022,17:40:00,17:50:00, Cloudy,Medium ,Urban ,17
865,4.8,10.96185,76.971082,11.01185,77.021082,01-04-2022,18:30:00,18:45:00, Sunny,Medium ,Metropolitian ,23
866,4.1,0,0,0.02,0.02,05-04-2022,08:15:00,08:20:00, Sandstorms,Low ,Metropolitian ,29
867,4.7,0,0,0.03,0.03,05-03-2022,19:25:00,19:35:00, Stormy,Jam ,Metropolitian ,12
868,4.2,13.066762,80.251865,13.096762,80.281865,28-03-2022,22:00:00,22:05:00, Stormy,Jam ,Metropolitian ,32
869,NaN ,17.41233,78.449654,17.46233,78.499654,24-03-2022,NaN ,21:05:00, Sandstorms,Jam ,Metropolitian ,17
870,4,0,0,0.03,0.03,11-02-2022,21:30:00,21:45:00, Sandstorms,Jam ,Metropolitian ,46
871,4.9,0,0,0.08,0.08,27-03-2022,21:30:00,21:35:00, Windy,Jam ,Metropolitian ,36
872,4.8,21.173493,72.801953,21.213493,72.841953,28-03-2022,15:45:00,15:55:00, Windy,Medium ,Metropolitian ,28
873,5,13.066762,80.251865,13.096762,80.281865,21-03-2022,17:10:00,17:20:00, Sandstorms,Medium ,Metropolitian ,32
874,4.9,12.970324,77.645748,13.030324,77.705748,17-03-2022,19:15:00,19:30:00, Windy,Jam ,Metropolitian ,30
875,4.3,23.374878,85.335739,23.414878,85.375739,24-03-2022,17:00:00,17:15:00, Stormy,Medium ,Metropolitian ,31
876,4.7,12.98041,77.640489,13.02041,77.680489,07-03-2022,16:40:00,16:50:00, Sandstorms,Medium ,Metropolitian ,32
877,4.4,22.307898,73.167788,22.437898,73.297788,18-03-2022,17:50:00,18:00:00, Cloudy,Medium ,Metropolitian ,40
878,4.9,26.911927,75.797282,26.941927,75.827282,21-03-2022,17:55:00,18:05:00, Windy,Medium ,Metropolitian ,15
879,4.5,23.357804,85.325146,23.397804,85.365146,30-03-2022,13:20:00,13:35:00, Sunny,High ,Metropolitian ,51
880,4.6,0,0,0.03,0.03,13-02-2022,17:20:00,17:35:00, Cloudy,Medium ,Metropolitian ,17
881,4.6,19.876219,75.346017,19.886219,75.356017,13-02-2022,11:30:00,11:35:00, Fog,High ,Metropolitian ,22
882,4.3,25.450317,81.831681,25.470317,81.851681,13-02-2022,12:00:00,12:10:00, Windy,High ,Metropolitian ,48
883,4.6,0,0,0.07,0.07,12-02-2022,19:25:00,19:30:00, Fog,Jam ,Metropolitian ,43
884,5,18.994237,72.825553,19.124237,72.955553,29-03-2022,21:10:00,21:25:00, Sandstorms,Jam ,Metropolitian ,25
885,4.9,21.175104,72.804342,21.195104,72.824342,30-03-2022,09:40:00,09:55:00, Sunny,Low ,Urban ,10
886,4.9,18.536562,73.896485,18.586562,73.946485,07-03-2022,19:20:00,19:25:00, Cloudy,Jam ,Metropolitian ,25
887,5,21.185047,72.80859,21.295047,72.91859,08-03-2022,19:00:00,19:10:00, Fog,Medium ,Metropolitian ,30
888,4.7,18.546947,73.900626,18.596947,73.950626,26-03-2022,18:20:00,18:35:00, Windy,Medium ,Metropolitian ,25
889,4.9,11.003008,76.97544,11.033008,77.00544,01-03-2022,18:30:00,18:35:00, Windy,Medium ,NaN ,24
890,4.6,12.304569,76.643622,12.354569,76.693622,09-03-2022,18:30:00,18:35:00, Cloudy,Medium ,Metropolitian ,27
891,4.8,0,0,0.02,0.02,05-04-2022,10:20:00,10:35:00, Windy,Low ,Urban ,11
892,4.7,22.725748,75.898497,22.835748,76.008497,29-03-2022,20:20:00,20:30:00, Sandstorms,Jam ,Metropolitian ,25
893,4.5,12.334022,76.618203,12.364022,76.648203,15-03-2022,23:00:00,23:10:00, Fog,Low ,Metropolitian ,16
894,4.9,11.021278,76.995017,11.091278,77.065017,31-03-2022,19:50:00,20:00:00, Windy,Jam ,Urban ,16
895,5,17.411028,78.329645,17.501028,78.419645,10-03-2022,22:00:00,22:15:00, Sandstorms,Jam ,Urban ,27
896,4.6,26.905287,75.794592,26.935287,75.824592,24-03-2022,23:35:00,23:50:00, Cloudy,Low ,Metropolitian ,24
897,4.9,15.496162,73.825364,15.526162,73.855364,13-02-2022,22:35:00,22:50:00, Fog,Low ,Metropolitian ,15
898,4.7,10.96185,76.971082,10.99185,77.001082,28-03-2022,23:40:00,23:50:00, Fog,Low ,Metropolitian ,26
899,4.8,26.921411,75.793604,26.931411,75.803604,05-03-2022,10:40:00,10:50:00, Fog,Low ,Metropolitian ,19
